-0.8819680706996197,-0.5104280515418435,-0.4443324838496706,-0.46431354771843275,-0.556468529197174,-0.6256406507783392,-0.4256062248144311,-0.7026878501142001,-0.8404966002992886,-0.4721671158904168,-0.6701439810736252,-0.2820623237969452,-0.7221105396553433,-0.8380390469976629,-0.7310852937871959,-1.0,-0.7806206579405324,-0.3801049776595627,-0.9351752005224265,-0.735868551649539,-0.7915439641793148,-0.8626480064757763,-0.8190722462442004,-0.6633597567012242,-0.6042159718007376,-0.6069182463141997,-0.9242047612444064,-0.7315572270151917,-0.5477496341818544,-0.7805493355046287,-0.2639480872930677,-0.893035920090731,-0.7494373862602725,-0.8569814177865028,-0.9288137214556711,-0.5325863581949632,-0.8758452452409563,-0.9020959343955919,-0.7016033136247452,-0.48770357637334594,-0.4279712089203503,-1.0,-0.7491824680096802,-0.7009496028247284,-0.8712858566262245,-1.0,-0.934523002212384,-1.0,-0.3096291681199866,-0.6956843100498763,-0.9937273548912469,-0.5357347268549632,-0.572536825032523,-0.6229534491663165,-0.3498662420685417,-0.5807385184227274,-0.6960025814465493,-1.0,-0.2813298292461559,-0.635284312857849,-0.7491156246895503,-0.5181900060237875,-0.5323493090312406,-0.7033878691993681,-0.8578555731630676,-0.47268081501111037,-0.4215445786231521,-0.5771717867194609,-0.7642050738371511,-0.5325068928645971,-0.8550553157235277,-0.8019430171429265,-0.5954911683814462,-0.4639737329875021,-0.5647975046178242,-0.6679147272676259,-0.2555290887692834,-0.679754887444384,-0.402404030009427,-0.05652383741584788,-0.45226450982337846,-0.5988257380432545,-0.5297022798716491,-0.7983186655987269,-1.0,-0.8913867127237598,-0.7756600833105545,-0.761186692385708,-0.682858998396493,-0.5751881364670411,-0.7725704215805662,-0.7411550641596668,-0.6389076303843926,-0.7917929107703564,-0.764216306997162,-0.576479595051218,-1.0,-0.838153297142145,-0.16369969170485943,-0.7380587980350566,-1.0,-0.385321172291087,-0.6112436312167286,-0.8838430370811673,-0.8002268084004021,-0.5452163481497783,-0.9427114183150618,-0.7315916232471178,-0.4032102370202102,-1.0,-0.9834388206744827,-0.839699111646929,-1.0,-0.9516630238680575,-0.8085617247647253,-0.5396462349640853,-0.43879539392797445,-1.0,-0.7601816298039246,-0.5813903602717663,-0.2154016345973303,-0.9410348778857043,-0.9688911173152814,-0.25079256726616045,-0.7369328777814368,-0.31310260063753637,-0.6547881060991706,-0.8065701604382757,-0.7878241525206506,-0.6589774010637376,-0.6938672567378454,-0.8088768209948262,-0.4761897692480256,-0.4260596519521976,-0.7613930508751621,-0.7843124534277203,-0.6936662371115561,-0.49543723276676666,-0.7246553947490739,-0.9211538063124356,-0.8453405468454778,-0.7030750510427067,-0.21585258395734291,-0.9287515171034899,-0.8261727896625375,-0.46518629546677975,-0.4439139044537071,-0.9676322746739692,-0.9188307618323726,-0.678486698078486
0.5761650216501644,1.0,0.45031446618102483,0.45390618544630473,0.7242021049697795,0.9387575475059783,1.0,0.9996239140955674,0.9627890103158164,1.0,0.6013031796698249,0.6641320439531341,0.5130159714944353,0.9728447670553817,1.0,1.0,1.0,0.6713338329488888,0.651743081079306,0.6711518345287335,1.0,1.0,0.6992012423766444,0.9756567835224654,0.4745558504609399,0.8668214396410223,0.8343115087794062,0.7116888686450173,0.43736601710253803,1.0,0.6930896423070079,0.9255021192679251,0.8414826617521132,0.9158614829435383,0.8357435818527982,1.0,0.9553741757452131,0.9874817047138065,1.0,1.0,0.803603827119198,0.6956013624252104,0.8465781189136832,0.9307565105893546,0.6290203358857561,0.5434127325185025,0.8254451702898461,0.7989941961500416,1.0,0.7284916692762513,0.47564036704994067,0.5053249856820581,1.0,0.9545270927696834,0.4817267201074635,0.8037780625052682,0.4377626056787544,1.0,0.5146894863559267,0.9685766680659831,0.7129931749908783,0.8135721996232035,0.8620075433509424,0.9926675892272819,0.8856675559421933,0.5275989386878042,0.927295105712119,0.6456087504471442,0.7398841113476052,0.5201841459537432,0.919026009508987,0.6381497857023027,0.6595057928946497,0.8516849656026375,0.7853045775797243,0.9314685266678064,0.5391624224609513,0.49757288507321834,0.4632138315193321,1.0,0.5037628314693654,0.5465652264534906,0.9979559371828475,0.6685217758881536,0.8717596979590245,0.571477004466693,1.0,0.9100878853820065,0.9603614210318144,0.9202741431612896,0.5212880499453276,0.96185990151833,1.0,0.9051967513445465,0.47901478489068944,1.0,0.8020633022066974,0.9250889710894817,0.4957613569758578,0.5552330291299097,1.0,1.0,0.9614415434371764,0.6914572263340988,0.48537456875970036,0.979350501787267,1.0,0.45895298796047235,1.0,0.6602052267163752,0.5483260324958481,0.5819082391018657,0.9397840318809579,1.0,1.0,0.8166721196915019,0.6522983975900689,0.6905955520147556,1.0,0.3051795517802296,0.24648060870991373,0.5171437035343049,0.48099453219288907,0.9871384196755278,1.0,1.0,0.9546374914335443,0.36840065171487707,0.6355410574528426,0.9549408261447263,1.0,0.7421656625902214,0.7702625347800628,0.7532252193254094,0.5984462368614859,1.0,0.630874333753619,1.0,0.5837041344638423,0.8970771568209753,1.0,0.7174909968262758,0.8411640722597483,0.5850487575101269,1.0,0.6469533676574795,1.0,0.9310939073426874,1.0,0.788416124695423
-0.49532287356455174,-0.4633517834425184,-0.7063081897452984,0.12288882016675196,-0.6700538628884414,-0.2825330844581931,0.057890592237111294,-0.383716698309463,-0.11281182251682187,-0.4654551166776123,-0.12802730732193596,-0.8259237661273549,-0.2825801162620825,-0.3577228588009397,-0.6431028786597759,-0.153001427094528,-0.3682861384314575,-0.36078703815552315,-0.8184403538866272,-0.4185103515971439,-0.16472380641355486,-0.08930158024847912,-0.39881781058139976,-0.33132912221906086,-1.0,-0.7813120068273838,-0.5026177842493904,-0.056217383523437636,-0.7758626303079796,-0.3865472398738093,-0.11375675334861529,-0.18558107613820599,-0.14610130446558045,-0.5649458309508231,-0.5925727893555979,-0.45246563535207346,-0.31681925607104044,-0.5933755377672407,-0.4333288544560081,-0.3184639556445248,-0.8157606874207765,-0.3191239950330576,-0.3489507442188013,-0.2918422371845664,-0.6951306339999985,-0.6472785843864961,-0.20047700041969835,-0.21771816869296143,-0.2786508418755894,-0.459759126825543,-0.6895201800184185,-0.5017905771052071,0.15568351614574383,-0.41983007882217477,-0.42557320304493346,-0.23722889670354685,-0.10693094367893946,-0.25505526735750517,-0.284743931875558,-0.7752707057787644,-0.5981924442622681,-0.4341300382295791,-0.5102307279981163,-0.8746302510088864,-0.6048623226222456,-0.3739023245749345,-0.1598334493772122,-0.5586169394352812,-0.6363079796751696,-0.3374595888337817,-0.7777951437049373,-0.5028999999832936,-0.5743938133171307,-0.5100755618531843,-0.36335890659263115,-0.3390660289028922,-0.40212821605371013,-0.6439751899075705,-0.17388115924695233,-0.11692451166651718,-0.5066271839034602,-0.41431636598450716,-0.5706476971144326,-0.521301394718569,-0.3285449443766814,-0.4881181026704341,-0.2850161987308314,-1.0,-0.35254046942540507,-0.627150413443927,-0.10623960806942023,-0.23123094134053013,-0.3998108656277612,-0.10929756652903827,-0.5911721119893416,-0.1345799534019303,-0.44292615623168413,-0.7066165610782393,-0.35382033920248507,-1.0,-0.7116508274607903,-0.2170446974245373,-0.21992114211472635,-0.42355184150254377,-0.6636028035155851,-0.720121147791666,-0.9483946862523599,-0.4805641371353423,-0.7162878329961955,-0.37468365802763565,-0.49363985090470025,-0.7086214542948353,-0.38353952466577357,-0.15360021800661153,-0.4817967708851726,-0.4632572860118821,-0.15924000054584267,-0.022056927652154223,-0.6160224781403003,-0.785192524255799,-0.24639128148714268,-0.49971843479567735,0.07020421338599758,-0.6342197566746963,-0.3850541361007779,-0.3790669629142247,-0.6420545031833089,-0.3163079349413892,-0.412182644684033,-0.4103620557606877,-0.46912231055537595,-0.10245894630522184,-0.4494164657554911,-0.5600409053245875,-0.11719284128817081,0.02712820253379372,-0.7556537001740556,-0.1618708628937166,0.18713751241915844,-0.5874784651815099,-0.47459865237787785,-0.14803769798681699,-0.20357011835536656,0.16019035050725572,-0.37839672005412817,-0.16396397566814844,-0.28094105992855756,-0.2756870135620973,-0.2347600056638216,-0.6192799226227811
0.47028005737722844,0.5254625972029734,0.9417808496286286,0.5880203594917776,0.4772838186340513,0.4740258592391401,0.2859278173817166,0.834831495419669,-0.006076475295676342,0.751942552755922,0.7640496023601353,0.11597660817482189,0.3670585262433787,0.5216441940688356,-0.028929599856650667,0.537178953060201,0.9517427033453494,0.0950935760971551,0.047289013848468675,0.6273277652430813,1.0,0.3357512926552809,0.46172952491977576,0.37283740062479775,0.19095476979470152,0.34041983721751706,0.6412828621982697,-0.10186804100463148,0.044301426537763144,0.7633856382871815,0.2693989503435954,-0.022169573955074795,0.45267640620268584,0.6042757614429743,0.508182314492444,0.7550732037741983,-0.03894428047539222,0.2148171894285218,0.5317059669649142,0.06145774277614502,0.2344391471094061,0.8845722051516608,0.35009891855506936,0.6122122780710808,0.4705520222581995,0.20798622288745156,0.4355782864827845,0.06875101725982424,0.4898505459121105,-0.08198699037434865,0.27460797599618947,0.23104513067867233,-0.06142338833835642,0.668264655171853,0.833131226266252,0.3993134000345602,0.2334639394274261,0.25479886215285347,0.27227144222394,0.6853741433748037,0.1856984948576808,0.3125200642035865,0.15822231541677415,0.6238238765448361,0.168979678295243,0.24734888474449954,-0.09085042725996018,0.17682520631745585,0.16986777586091736,0.01589048441210167,0.5170245275879191,0.3475179751189624,0.6360446900133332,0.1606928466370338,0.3641682159614514,0.5321517152376112,-0.0450322278718594,0.3121586224296742,0.18584955489779284,0.24966718849437922,0.10525139523471236,0.3233756261861394,-0.06542773524830281,0.04116004414886004,0.21996816511615014,0.5579555279728282,0.5826349879916441,0.5411124826754634,-0.43916249498812676,0.2154407556761371,0.6558834689826825,0.2037268023684238,0.32330488856085043,0.1311863448759825,0.27410207326635233,0.13560038814710249,0.3404259117796397,-0.09284791090067729,0.3208898635175685,0.4804855202381847,0.6616335040276168,0.22377295576746303,0.2548055494004138,0.03355739494014648,0.429356943817996,-0.1554148014564321,0.11158266715886611,0.3843908082162846,0.5326576510016563,0.22266170402143204,0.16966006562457492,0.11548075626825613,0.3475794385786829,0.19078793527720903,0.3801562552940918,0.3457363118015246,0.5724134034794659,0.7264345973838566,0.8484435375764633,0.16389424119838297,-0.08276570435574399,0.46473585161151304,0.38417799012333237,0.4798844040383108,0.11388695265628754,0.5241143772279181,0.17623187855040953,0.5281762386508391,0.04588964617764496,0.7877786384347296,0.5380969421125741,-0.11246357907212767,0.31479630237867606,0.5544230506912639,0.00409379502683227,0.14492696804552974,0.32151445972396664,0.41783647473117136,0.13833678320308695,0.4287604733945449,0.3301598978094128,0.6309511531985088,1.0,0.01387308038323759,-0.05835462644544126,0.5522846475805148,0.4393092965836273,0.4223777965790433,0.6875776119585675,0.22189285873512846
-0.09759126224391954,-0.42510351917666356,0.7456278207184954,0.43575583549104324,0.6473814760036923,0.3110604033051451,-0.3098129527584539,0.4486305736168237,0.3917776647544888,0.9416284085101174,0.09101882126149072,0.3196621341910813,0.15733193474141158,0.6692519073632652,0.39578911391060745,0.2927395250965797,0.25091725387928887,0.11184894554600379,0.22372153344971485,0.5818119445217594,-0.15310795765523624,0.4728695764322387,0.3251986183083144,-0.08175704685316645,-0.030779147114087496,0.4055919318165848,-0.14938203476818515,0.13972435150391216,0.005542061202357146,0.34278318940290864,-0.07006528024875622,0.14481770930385868,-0.1168640919788376,-0.05103878936775749,0.4402554961433624,0.7923341691445059,0.4824802645114562,0.07915049027802562,0.15206241305628707,0.08082608806480027,-0.3256162524737721,0.2966909112581074,0.26052531376543586,0.03681387953433671,0.23235353955213017,0.1424111900058377,0.24851508332852185,0.5070161927335792,0.3223505212488242,0.17431920945805185,0.6071042825449029,0.0615243350291296,0.43536238033026914,0.2453545495521916,-0.18784439718762905,0.11972931058158968,-0.16782164534914637,0.3864425189450934,0.14239878482773524,0.24872400629923228,0.3580320033322103,0.01810077022948467,0.330546394932274,0.13805264034380232,-0.34632083654725254,0.2780926587835731,0.31501303802827596,0.22562513124047281,0.5068585544824488,0.1206720140988933,0.2379675112918075,-0.06500388151479522,0.7858776915296711,0.45781093508295945,0.3611789485086325,-0.030443516414798477,0.05225353204120203,0.21034742134119683,0.09268061557490331,0.036138516934124676,0.44159508077169957,0.34029193962006266,0.8138121930511343,0.4380626194507829,0.23658377167469538,-0.24417704730661147,0.3497965875847525,0.2870727553493001,-0.2797866130932346,0.5334445358379096,-0.0007774982520337426,-0.006933568380761229,-0.2617611429612027,-0.23240503999609283,0.33263748371249624,0.2841496031055755,0.5632069816177593,0.26634704504541895,0.28081703938598956,0.21240281158388888,0.4224301823362397,-0.10513269507160225,-0.18806524078716672,0.4629128098801526,0.08718057800660084,-0.18294378680982196,0.2735478418108619,0.34050058386741133,0.3435433310901346,0.300015515685915,0.5398232078228651,0.874339319973148,-0.02033000840642099,0.5786887937594171,-0.01634300672516517,-0.19712877444987784,-0.12791023109741392,0.1227783972502426,0.458031645654027,0.477039625116796,0.0068640031963050074,0.10421553620826114,0.5160084331128564,0.15430675347502765,0.09450128109459671,0.5682674339166756,-0.10648352852107826,0.401656650811096,-0.005838509536275488,0.22021300915939312,0.561089355818526,0.25116077281500304,0.25930107015398085,0.5115195434383153,0.24256497825192574,0.4501992589363195,0.15666425376503346,0.5596444524277665,0.35199704482325406,0.5805316818144541,-0.09231893750854428,0.28506655120091656,0.2915440721163497,0.4246970013050496,0.30767449318341533,0.3029224593976053,0.10726823309355782,0.6068342449867246,0.804054701152559,0.2152454601655288
0.9712251883794727,1.0,0.8800730341990387,1.0,1.0,1.0,1.0,1.0,0.8214912696691059,1.0,0.6223531401395462,0.9555091790685537,1.0,1.0,1.0,1.0,1.0,1.0,1.0,1.0,0.7542430846081319,1.0,1.0,1.0,1.0,0.9960608895982173,1.0,1.0,1.0,0.6878671571669863,1.0,0.9970093463458496,0.9653890580759927,1.0,1.0,0.9952791427986114,1.0,0.9603919176066228,0.6352255219630749,1.0,1.0,0.985030474989909,1.0,1.0,1.0,0.9102754926356073,1.0,1.0,0.9563841024456312,0.7813552024726085,1.0,0.8806102958499982,0.4688192515966767,1.0,1.0,1.0,0.7716636441690384,1.0,1.0,1.0,0.897971239796841,1.0,1.0,1.0,1.0,1.0,0.7327224323007977,1.0,1.0,0.8598152273934294,0.9966484244346715,1.0,1.0,1.0,1.0,1.0,0.7031805014093736,0.931794376270805,1.0,0.930557017179531,1.0,0.8171687987263557,1.0,0.9274131768897071,1.0,0.9415210930839134,1.0,0.9677492167319943,1.0,0.8785909904677209,0.9700140402242194,1.0,0.9571268331176307,1.0,1.0,1.0,0.9375315343257886,0.9964627214190058,1.0,1.0,1.0,1.0,1.0,1.0,1.0,1.0,0.7444378962866267,1.0,1.0,1.0,1.0,1.0,0.9579245179967084,1.0,0.8124723813321766,1.0,1.0,1.0,1.0,1.0,0.8567032052560065,1.0,1.0,1.0,0.8260516410178569,1.0,0.9312728749184984,0.9598450414376466,1.0,0.9092058375822161,1.0,1.0,1.0,1.0,0.9797892297112988,0.9814618391721674,1.0,0.8831971988926928,0.9679322304589061,0.906374593740414,1.0,0.876629733829765,1.0,1.0,1.0,0.9859553150282696,0.9171176958628705,0.9067739113245641,1.0,1.0
-1.0,-1.0,-1.0,-1.0,-1.0,-1.0,-1.0,-0.9676041054214682,-1.0,-1.0,-1.0,-0.8906244651974514,-1.0,-1.0,-1.0,-1.0,-1.0,-0.7939165907721627,-1.0,-1.0,-1.0,-1.0,-1.0,-0.9153131138594556,-1.0,-0.9390181844882303,-1.0,-1.0,-0.7178979164200114,-0.91287584280371,-0.9398717912551127,-1.0,-0.454271550228058,-0.7145584723346721,-1.0,-0.7682845523090034,-1.0,-1.0,-1.0,-1.0,-1.0,-1.0,-0.87453910460109,-1.0,-1.0,-1.0,-0.9107058490016375,-1.0,-1.0,-1.0,-1.0,-1.0,-1.0,-0.9082601634973074,-1.0,-1.0,-0.9947993433516961,-1.0,-0.8646383469114043,-0.9834043172755043,-1.0,-1.0,-1.0,-1.0,-0.7247031177847073,-0.5443590131996722,-1.0,-1.0,-0.7935294919435709,-1.0,-1.0,-1.0,-0.662545622638328,-1.0,-1.0,-1.0,-0.9664702968017709,-0.8991498756340381,-1.0,-0.8886544166368862,-1.0,-0.6432052979669084,-1.0,-1.0,-1.0,-1.0,-1.0,-0.9871967302683627,-1.0,-1.0,-1.0,-1.0,-0.7983275188863265,-0.9706517394310481,-0.9404909851985971,-1.0,-1.0,-1.0,-1.0,-0.9061072322839329,-1.0,-0.9332212059882976,-0.8251565696595826,-1.0,-1.0,-0.7353600990988605,-0.6897813310417029,-0.8039011283554505,-0.9698076419524353,-1.0,-1.0,-1.0,-0.9974275074520793,-1.0,-0.9402963898922163,-1.0,-0.6630530062162023,-1.0,-1.0,-0.9758942931359644,-0.8414495530439876,-1.0,-0.9106091661793333,-0.9533139963852458,-1.0,-0.9275523118162254,-0.70648619035708,-1.0,-0.6478208866487447,-1.0,-1.0,-1.0,-0.8116983912410894,-0.9861024218760869,-1.0,-1.0,-1.0,-0.9827439290547997,-1.0,-1.0,-1.0,-1.0,-1.0,-1.0,-0.7610272902297557,-0.8473724344354789,-1.0,-0.8346950224677326,-0.7369428962939181,-0.6611700818620911
-0.06124323688847655,-0.3178368985084694,-0.269651546272333,-0.47089656914481015,-0.4655173851002299,-0.279539379347844,-0.019533729873698058,-0.5165738076650819,-0.9194031528975524,-0.47138909802218254,-0.7043900557632756,-0.5278486442387018,-0.041710702661493904,-0.286347124731585,-0.5828211305380188,-0.5494552781790657,-0.37611380955443247,-0.42368762179483777,-0.11726010056958275,-0.3283521354860345,-0.5249552136682447,-0.6217807028387113,-0.8798096044809887,-0.44841153939576883,-0.4999938335841329,-0.561458120928394,-0.1743031847193619,-0.266694510619342,-0.6935024058794429,-0.1815106452587567,-0.6514020502648159,-0.7684313097712465,-0.4554769949019205,-0.7819601297460532,-0.5626628989737358,-0.31340425978092806,-0.4802604427748354,-0.5616416205902346,-0.47095320148816777,-0.9723770119251877,-0.5490623991258834,-0.6288776795907728,-0.6644073250917404,-0.8598889678637034,-0.16406789890916562,-0.4502674869238166,-0.27090983752909287,-0.29620046776123654,-0.4365430738077675,-0.3939618441055,0.27443639851947765,-0.4075559073594931,-0.004565735898922174,-0.13058471567887292,-0.5117272171936164,-0.7340016792671915,-0.7280939048355755,-0.5010717447556087,-0.2758136855043911,-0.24822553203750428,-0.4107560442564655,-0.5785796740961217,-0.7992917710606817,-0.6408367862001814,-0.38061693061335977,-0.06571334042652427,-0.35239634598315384,-0.9295553211405392,-0.2788716448041759,-0.7475759029453226,-0.47160169045704387,-0.9909529364390314,-0.5963761340700515,-0.3922145937563912,-0.5115557420840352,-0.797566471810395,-0.6601823971742649,-0.5514655392458058,-0.12458535250324848,-0.8026468182781931,-0.930983074028584,-0.5573252337971549,-0.6864579724001172,-0.27012685275755344,-0.44324689400740347,-1.0,-0.5295838401604792,-0.6602877607847946,-0.19729968475217727,-0.8615218184028006,-0.40667468025789955,-0.7475424836979567,-0.7317971984187339,-0.361386229575452,-0.3875406871750794,-0.48133587675201084,-0.5511340978861221,-0.3730350741316533,-0.4257399949180706,-0.8644301990198056,-0.3876404846024483,-0.45234173459046756,-0.18942953695961443,-0.4817906267398732,-0.6211795441743997,-0.4124146512702916,-0.0826284789108277,-0.26929418752428025,-0.9545116150941021,-0.5718301205460289,-0.6904779555994524,-0.26028544560653155,0.06897083776050505,-0.3327317989345511,-0.2124089351776494,-0.22537802319149622,-0.20450549058185571,-0.6431017844291929,-0.14492379838293706,-0.4459451566162266,-0.5835890044834497,-0.36656916000266887,-0.7364184988018903,-0.07673387681180482,-0.011675886615861053,-0.3359879645903502,-0.29388898001832575,-0.6040620255107181,-0.6307272300815033,-0.1763873113652914,-0.20642771216349914,-0.661854393546485,-0.5362307620604253,-0.47690049696207204,-0.38500766350606797,-0.6873423495957663,-0.4155613343778299,-0.16386040365727556,-0.22930782851871037,-0.3792047973467259,-0.6043653352789773,-0.37708324063690846,-0.03209318979121739,-0.47839769902880397,-0.29489577394337535,-0.25636650724700283,-0.3009242038038973,-0.18144742749362372,-0.12078526274453111,-0.3501573271857044
0.7229930496416882,0.30616754390305423,1.0,0.8131691250389964,0.9385178247474267,0.8953246366902086,0.8310645805133796,0.7404379964669414,0.48277647186849054,0.5379584472547216,1.0,1.0,0.5204553276795041,0.9440275087123002,0.7611201213772334,0.4839009068764984,0.952994975843918,0.9580110841198387,0.43135628435367046,0.7430498948768297,0.8027363394066449,0.8019062389532022,0.7796998901728568,0.22375433994397032,0.47175552888390343,1.0,0.7914694777854696,0.7334041555318833,0.48741050389310625,1.0,1.0,0.441779894521987,0.859123319172611,0.45491027699011866,1.0,1.0,0.7007860910490881,0.5406712790130412,0.6508494269250258,0.7484905432107454,0.5934176926378918,1.0,0.5546094943918338,0.8508504126647815,0.9258167614385718,0.8578258841099295,0.8521220156379216,0.6709485082400162,0.9037148568809805,0.755807197950612,0.9697117055498763,0.7701871215755931,0.44421024565209677,1.0,0.9169356740224432,0.9230471122365704,0.8176928969280788,0.5530582597667775,0.8744772600285582,0.8833028133125507,0.8742084942080952,1.0,0.8007903225791798,0.7342431984699072,0.66923544243981,0.3404287525760077,0.751877012907407,0.6383256446932577,0.9651861088785225,0.8637773349537354,0.9059733797937732,0.5509110585318036,0.9883331459766467,0.8979100461255926,0.45779604037545335,0.48402849570650264,1.0,0.8592192016187324,0.9694377361284066,1.0,0.8642891706910787,0.7359273910111676,0.886296084364303,0.44730180968094363,1.0,0.9560762708318499,0.7301332075823161,0.21911328822320764,0.6342541101860449,0.5173537873487867,0.7919180532007781,0.746510461518117,0.6874965203276007,0.8040177472819727,0.9344622150347945,0.3446866911693832,0.35929917031156283,1.0,0.950668219182984,0.7253127740843185,0.8312227747782627,0.44775048765185,1.0,1.0,0.39519239818337426,0.7849734435937139,0.6391993923124124,0.7649836161364147,0.6627716144756878,1.0,0.7293200927313688,0.7805138265598384,0.5088065464773608,1.0,0.8000463168897721,0.7861554050918341,0.5738033866051518,0.9234313506179784,1.0,0.7675305556343996,0.7544550821537817,1.0,0.46892370820255735,0.6644084377696755,1.0,1.0,0.5170178372630776,1.0,0.8426347808687848,0.9736048150495771,0.6531827746036828,0.9265807164129816,0.6743586147448251,0.5603615859675999,0.8273849561436503,1.0,0.84526674585444,1.0,0.5268536327315603,0.7607498387590171,0.7294494261617056,0.8471090581090488,0.6839001239563101,0.5151980647721446,1.0,0.8855568398151501,0.7838925362522228,0.5444350684136496,0.5346249154748135,0.7689979777893076
0.3209319894106798,-0.05651099450599309,0.018918072042083414,-0.03161795806804002,0.13005716904464554,0.35159635213318613,-0.03912281788274176,0.387340076626647,-0.002190926274735827,-0.16038514008658755,0.12279781378833092,0.2821915318216786,-0.0166137186113086,-0.15983195796017224,0.5178256143871462,0.21176950639226416,-0.0986497136895104,-0.1704385644237178,0.2084627175581261,0.4126586816653017,0.4541807919424908,0.006055864766272116,0.4206362263004023,-0.1514422714674141,-0.11845921295732531,0.14212950437384464,0.2712660206426813,-0.3679304650237128,-0.028346615754319127,-0.0034176313317909046,0.03219143045168828,-0.29820205015745666,0.12017990711857027,0.2880560392640566,0.36976531420067843,0.118112287770934,0.3969913024434367,-0.27672773212431434,0.14755916459991608,-0.04415820240742582,0.4405493417515589,0.12591215396436906,-0.28568063217200995,0.2102184103832337,-0.09533671915273481,0.15624806022586124,0.03717950705204158,0.053029478094406106,0.2731806385765275,-0.08496679312820424,-0.11794896521094989,-0.3958983439352136,0.2731502151966747,0.1300078088005539,0.15726774689921386,-0.0530768770750502,-0.23780003744627798,0.4467669806594476,-0.457744757210829,-0.4102660425181518,0.21109625542683477,0.3311558103452873,0.20164953395593366,0.163676172671056,-0.1296414669777534,-0.06523285521907103,0.38438950094083535,0.036921489940454064,0.008638591348204647,-0.021125811299928007,0.3561019011745567,0.11889498942794387,0.681520927210786,-0.08244870390949124,0.06671106486064027,-0.1233348958108195,0.2503027813284707,0.03818730845672813,0.05140858202864733,-0.05929968829597353,-0.18794076480009642,-0.019773555959737094,-0.0831114764437966,-0.3414590297184389,0.08920261747852919,0.2830472025263975,-0.08729610979284819,-0.13840921840174092,0.3110818191297811,-0.0032711917354046466,0.21494646669776357,0.3202759778145016,-0.13111977466935992,0.41633283198176896,-0.16547753352764166,-0.07422480061289308,0.21296022059836645,-0.37064081785293657,0.1773923876262698,0.12525836789231576,0.03420587385196501,0.0038189304218916517,0.01707855859494796,-0.22699567415412775,-0.06892872518706772,0.4039978660531435,-0.32280413891313814,0.29814630500075334,-0.01184878763832689,-0.008481595514088239,-0.10819814882151582,0.2762617374297522,-0.1335917811168045,-0.045531639431534224,0.17317927975471356,0.11001822110905578,-0.23739088425938348,-0.14963037857347825,0.25175351837285387,-0.05514675717991398,0.3221905476041778,-0.4084978902265278,0.08337804950240012,0.13863899457164905,-0.11999280123949888,0.05665239152103654,-0.11497973990339036,0.04498498863055904,0.007911121962358339,-0.15687899650134718,-0.13359915316665355,0.33143082681387953,0.44647567500782853,0.2088057834541075,-0.08501407595472735,-0.3878613913205,0.0776674166308044,-0.2942256111000527,0.20215694068935108,-0.15182108931695615,0.1018347933531091,-0.14313881953034935,-0.23902105818539726,0.1639997127350938,0.26095131741168126,0.1295532371342005,0.13062863677250341,-0.22206981911506402,-0.13218845284907405,0.04280948518931853
0.021196579313978503,-0.2803126182204985,-0.40474826341486514,-0.38894318195626937,-0.009262775141021973,-0.21717266384288186,-0.41444463439116136,-0.5877941981630612,-0.5088136698347067,-0.644440143861926,-0.10434910262361152,-0.2694098874181505,-0.20527552111971317,-0.4180106961695015,-0.26737930105332025,-0.6525290672641496,-0.1462639450415725,-0.2646003102861781,-0.16712994226060685,-0.05247142140295566,-0.5540738044170757,-0.5118241556495078,-0.4595188514561544,-0.29475279536740057,-0.3945748168597651,-0.3949251906704929,0.05795108236926316,-0.1389499124395052,-0.2199406848098272,0.007863416654815658,-0.3397756180673792,-0.05915110504550905,-0.41202307365276875,-0.5462096698530168,-0.49186042732771396,-0.150269153033417,-0.24787530641945202,-0.07427077060253054,-0.5699242835257607,-0.11199597285143159,-0.36128666033121754,-0.6779053330926947,-0.0030517845904943774,-0.1936086033235821,-0.4708666012175289,-0.24205406178613648,-0.3001559227780837,-0.5211949456934017,-0.6028624368380971,-0.4865227451528713,0.21109330249158959,-0.2517406677059839,-0.2806144688464136,-0.06646104606507919,-0.2968265767934669,-0.1294298919752698,0.09412831647511105,-0.4002795675257052,-0.623529862966655,-0.4302704001919486,-0.4729269258469486,-0.5386616773823875,-0.23244480367040243,-0.35716020963260897,-0.17032465840906175,-0.36519907452412986,-0.33739640560806156,-0.7031631599586816,-0.7660084722792595,-0.4944365882911699,-0.4876057067760988,0.10864774162577712,-0.3588356350502801,-0.128458534561516,-0.4180802179372137,-0.7117826369233862,-0.4436285968548517,-0.6219301484032824,0.04842655572583615,-0.5551963524387222,-0.09413358574478398,-0.3729922520967952,-0.7272201481891789,-0.34920369751517405,-0.6313704918050782,-0.5910006410120145,-0.21720410060949397,-0.7327105786841908,-0.4759239443874786,-0.21931114168942734,-0.14579838005786694,-0.1254852617003563,-0.2757413066917274,-0.27674255998656544,-0.4845631514553479,-0.13502751283840683,-0.015995787491268287,-0.6848225159296508,-0.48983033365304507,-0.08324629967502456,-0.21550319146134364,-0.2296188250464473,-0.1743989524131382,0.028612337399446852,-0.2627647226077616,-0.14081720780302015,-0.25970289245112277,-0.1370017234385731,-0.17516859824985548,0.009665197118587043,-0.36562914228776267,-0.2551649618104594,-0.19768966463128496,-0.2893319072927189,-0.24118206028431055,-0.5555573750438176,-0.24324995409482486,-0.18217188357206116,-0.4409979154099494,-0.2001397193782327,-0.15548862861549936,-0.3453807881965066,-0.4356858625533737,-0.4963174401911753,-0.3909071374806164,-0.47239495078407656,0.16535234285626443,-0.42987324353456247,-0.4198726869014399,-0.2579246719670125,-0.32515329762533685,-0.2685686983133953,-0.2845341931674302,-0.16680954527955505,0.1466664551338615,-0.7647313894851955,-0.1784955450286328,-0.13811584563338888,-0.6212245885425741,-0.18295542304890033,-0.15932634635555568,-0.21640461548249745,-0.2347179631776985,-0.21058716640313202,-0.06804957822292551,-0.3814592842819805,-0.11804300602326334,0.11781912028805214,-0.488001909554308,-0.03779523967677789
-0.11774959686572595,-0.10409028165346693,-0.1730173862517784,-0.17154134924996833,0.1182418281323317,0.09999234088319703,0.06764061823799813,0.24751278759245143,-0.1480739048214728,-0.11871419531140909,0.0350053455948861,0.45563259223712127,-0.1379439644900177,-0.35686773744158745,-0.011515810980681128,-0.281829419111483,-0.12406352862009878,0.40829467491676713,0.11088819587872514,0.03220608050908467,0.3275788566002718,-0.009696370585588017,-0.16669007258109828,-0.3161229495941175,0.008151292186885654,0.00046016109633927917,0.25184456551893203,-0.3663289612508635,-0.14690617399513842,0.09898895932716698,-0.3985171204393788,0.11043374728420702,-0.47289916276532296,-0.1272963198068291,-0.31473710946228933,-0.3439127728779571,0.12428574296211312,-0.4503135969510921,-0.22995582247705368,-0.07227544879649485,-0.0708456757402075,-0.07163468835609346,0.3112569473473151,0.05846936737032148,0.08182741812755659,-0.14059261545837654,-0.16693374012946818,0.12745838464937667,0.19967708715874027,0.1855995198841709,-0.5012093357366384,0.2959066649022173,0.13990075460317092,0.309017881078324,-0.04566963887288145,-0.5720040720768509,0.1664304299779206,0.035537863170702025,-0.2362260988343747,-0.15124913150227975,-0.055533389599959404,-0.08704294085338238,0.2507171333255569,0.06404980604269483,-0.07078242570734258,0.3270637689900865,0.1189159373674164,0.23211606322767314,0.23640113075761365,0.16422016105143614,-0.17113302015012444,0.17960987497746386,0.002483576890126623,-0.005960036892238188,-0.2743884465456874,-0.13492848841405342,-0.3182294386068296,0.011984867744363494,-0.005594356819076413,0.08891551125642991,-0.08769900863884184,0.23781228248157288,0.31362746995926755,-0.21664249176878414,0.07991723102770268,-0.24156379238338824,-0.2830725350861759,-0.06342371957865013,-0.2665191299941247,0.1109593744835089,0.3521297069642609,0.44469788380623637,0.27132191407885503,0.20863217027837988,-0.44807796725136223,0.10896471831255819,-0.25682986038502437,-0.011460085418074887,-0.14472895787298828,-0.5323896101139025,0.07043174659312815,-0.0226287003084346,0.032920551358413014,0.0352993788932887,-0.1529777972950415,0.17602092211597212,-0.006187770575285228,0.16678514343230522,0.13557492480754585,-0.3751054364194324,-0.08857769946415509,-0.21585714404746936,-0.07844909480838852,-0.2102237502990047,0.14036802268930904,-0.18190535108025735,0.2952458401719816,-0.06120879836115754,0.4002135868379624,-0.19872911886895706,0.22482845205363788,-0.0350645016757507,-0.13624403851511677,0.06532973731400954,0.17256405057544194,0.3674695385546936,0.17266461995287788,0.0737955999568112,0.4369739825586428,-0.09302301705399593,0.028258479327998992,-0.2817421251009935,0.49374437951538747,0.4096740340277154,-0.12526950247425722,-0.05242566328521452,-0.2403047300072511,0.4467524982197379,0.14819155474155923,-0.3644020115971617,-0.1626217583747119,0.18637507209965987,-0.09706835452402268,-0.0029596616329223887,0.07967044156910655,0.10931887373038193,0.12328939927931659,0.2309028185284553,0.001558200348474606,0.016245633664856134
1.0,1.0,1.0,1.0,1.0,1.0,1.0,1.0,1.0,1.0,1.0,1.0,1.0,1.0,1.0,1.0,1.0,1.0,1.0,1.0,1.0,1.0,1.0,1.0,1.0,1.0,1.0,1.0,1.0,1.0,1.0,1.0,1.0,1.0,1.0,1.0,1.0,1.0,1.0,1.0,1.0,1.0,1.0,1.0,1.0,1.0,1.0,1.0,1.0,1.0,1.0,1.0,1.0,1.0,1.0,1.0,1.0,1.0,1.0,1.0,1.0,1.0,1.0,1.0,1.0,1.0,1.0,1.0,1.0,1.0,1.0,1.0,1.0,1.0,1.0,1.0,1.0,1.0,1.0,1.0,1.0,1.0,1.0,1.0,1.0,1.0,1.0,1.0,1.0,1.0,1.0,1.0,1.0,1.0,1.0,1.0,1.0,1.0,1.0,1.0,1.0,1.0,1.0,1.0,1.0,1.0,1.0,1.0,1.0,1.0,1.0,1.0,1.0,1.0,1.0,1.0,1.0,1.0,1.0,1.0,1.0,1.0,1.0,1.0,1.0,1.0,1.0,1.0,1.0,1.0,1.0,1.0,1.0,1.0,1.0,1.0,1.0,1.0,1.0,1.0,1.0,1.0,1.0,1.0,1.0,1.0,1.0,1.0,1.0,1.0
1.0,1.0,1.0,1.0,1.0,1.0,1.0,1.0,1.0,1.0,1.0,1.0,1.0,1.0,1.0,1.0,1.0,1.0,1.0,1.0,1.0,1.0,1.0,1.0,1.0,1.0,1.0,1.0,1.0,1.0,1.0,1.0,1.0,1.0,1.0,1.0,1.0,1.0,1.0,1.0,1.0,1.0,1.0,1.0,1.0,1.0,1.0,1.0,1.0,1.0,1.0,1.0,1.0,1.0,0.9778455710422129,1.0,1.0,1.0,1.0,1.0,1.0,1.0,1.0,1.0,1.0,1.0,0.8552237256767359,1.0,1.0,1.0,1.0,1.0,1.0,1.0,1.0,1.0,1.0,1.0,1.0,1.0,1.0,1.0,1.0,1.0,1.0,1.0,1.0,1.0,1.0,1.0,1.0,1.0,1.0,1.0,1.0,1.0,1.0,1.0,1.0,1.0,1.0,1.0,1.0,1.0,1.0,1.0,1.0,1.0,1.0,1.0,1.0,1.0,1.0,1.0,1.0,1.0,1.0,1.0,1.0,1.0,1.0,1.0,1.0,1.0,1.0,1.0,1.0,1.0,1.0,1.0,1.0,1.0,1.0,1.0,1.0,1.0,1.0,1.0,1.0,1.0,1.0,1.0,1.0,1.0,1.0,1.0,1.0,1.0,1.0,1.0
-0.4058043013551712,0.16961752488245904,-0.08318176873711139,0.22943000330749727,-0.08578661063214797,-0.0525696712895826,-0.35203686420075053,-0.060011493219551855,0.28395548511756186,0.37302844088233,0.1080155612125199,0.1292618965486628,-0.017757460064235786,-0.17536102132045828,-0.1673309509754252,0.003454396947823346,-0.6636033485270807,-0.03089669333217704,-0.417650094726586,-0.2676250163199586,0.026433138448358595,-0.1950586875865845,-0.3284084981984057,0.19973381305698715,-0.048255440572456856,-0.23833837808849045,0.21794898959209938,0.24942792332776362,0.2190482331351846,-0.09651055022140885,0.28695716166598084,-0.3198917922150085,-0.008547897470801563,-0.34339893427620294,-0.37885340594248496,-0.4875760510173739,0.4328198767589101,-0.08741357603904079,-0.3684926520269993,-0.05858095162843895,-0.2487427041346843,-0.23688292189868568,-0.04953268058423339,0.3293788946234467,-0.08201153634336315,-0.3198956838313166,-0.0012282357491024548,0.035307936618559854,-0.4104573090874152,0.0664307870381623,0.05532178637389218,-0.4146732801063061,-0.24350393703846046,-0.21381385570079728,0.0169499637116739,0.14239883188926947,0.24147467806114,0.07993585424440727,-0.30395632030610914,0.4559632586066672,0.27914293473133633,-0.20151764820242246,-0.137432216490019,-0.47693539221614967,-0.004689455555840882,0.009427070985048608,-0.21066941047205445,-0.10079877563452075,-0.2900637412222239,0.2185314709681269,-0.5479002162944274,0.34064423356942863,-0.31314753487774105,-0.321218568524122,0.09476468325391021,-0.5216038848913932,0.28244180887907344,-0.029468077465153758,0.05768404415088643,0.36019884300383087,-0.13641925665566046,-0.2204043502249017,-0.11204107353111653,0.01019442378884132,0.2377721250115397,-0.06198973279998878,-0.3462596556604258,-0.2250571569101753,0.18695801206633825,-0.21963872968059958,0.36542369621694515,-0.2830420816853841,-0.11822075949816978,-0.13108420175404834,-0.023736499379485326,0.06009917108334972,-0.15321860015579672,-0.11901359706160478,-0.6606630388765891,-0.2834416942362089,0.08211925014488347,-0.4521408712504057,-0.39677934276628835,-0.02314866352573129,0.19659729957990882,-0.11413070357008298,-0.12182525181919829,-0.11954230141415677,-0.07467748778183708,0.14473556716044206,0.06152347403065306,0.00216347228093533,-0.3544424459015906,0.2042441588895725,0.1169184646793538,0.010303212435283773,0.1811971775325734,0.18604133127438469,-0.5902826949871055,-0.052442696717151786,0.02231912614086312,-0.11717529223863617,0.0877986329863768,0.2627819526607029,-0.2867058123663845,-0.20400018355954153,-0.16131359029681186,-0.13756089329982504,-0.006466384170891196,-0.5688178436241336,0.1183224684628979,-0.31778406779417384,-0.022835091535498647,-0.4666388631761055,0.18369280887355252,-0.4264787702237621,-0.5952373690227967,0.29846922460578873,-0.6755960088002796,0.12785939669383675,-0.08618594106336089,-0.21648624932450275,-0.37589060914878203,-0.3216094581754947,0.3544528961742356,0.3384269868558135,-0.39232318848486325,-0.14100633493615963,-0.6352634900452713,-0.18866027246897282
0.8559103659850622,0.7485368548377487,0.24218835016584866,0.6292320571395134,0.7984137256641375,0.28057194303143507,0.5660968669978518,0.5421308437714183,0.6586230425898114,0.5328837747249537,0.6801335643342815,0.5019153718286715,0.9167136831976165,0.31706547124740314,0.7093227672620384,0.6282741720564924,0.6940635848526971,0.265099890128398,0.3729029510772036,0.4683399211578655,0.5664417109545811,0.22435766812794894,0.21029933995820277,0.6783516260228141,0.6694483202568099,0.4023185069544538,0.7160133778220463,0.5267981107483052,0.8633217192074265,0.6044042897614139,0.2648885806432058,0.7730205074152534,0.7580174788190588,0.46299652313766365,0.463077453532403,1.0,0.548540221224772,0.46862329789566987,0.24033242003091537,0.6696940734606932,0.600207276514079,0.9417460379549125,0.6565649399044482,0.4976179502465834,0.09523166519111337,0.23053295980487182,0.8598601356589779,0.34098119104830527,0.7081096226685433,0.5886400055752503,0.6315413367080664,0.6791227496732107,0.40271577010609627,0.40489758795298464,0.9507768954725353,0.4316789163954129,0.3303769539269319,0.46186388513969606,0.9334665557925677,0.08889988929576209,0.46702063860015086,0.20670212938321947,0.9659626439370588,0.40918722736531815,0.625063490491469,0.901524399526834,0.7139104862963785,0.5380735300364706,0.42632843723526714,0.7075015738402876,0.3809586858484442,0.5605733943437883,-0.06165948554401435,0.7670306574651771,0.18815287525333146,0.816037017288743,0.8626236974311692,0.7456648746502961,0.5078438615670257,0.8774598433941732,0.9446529155649259,0.14956709975653976,0.38659915670631056,0.25031611660338327,0.3862452478757531,0.5933103524688839,0.46411880338647404,0.6053149493832326,-0.029781647767380792,0.1703068524574753,0.5344579236920021,0.2674833659462825,0.4456910675617311,0.5459546602095829,0.36437956150692663,0.27452309876958125,1.0,0.4032256322012654,0.7401347977877472,0.45758078967327326,0.8446603962206531,0.5374437210425631,0.4655826743936209,0.47045471947687995,0.6609296696792122,0.5758562589750424,0.423791711794731,0.18054663257789583,0.6517434993335296,0.5893554390328599,0.9691032158305581,0.03333554839517894,0.6785884253946918,0.5872440266566464,0.4909788765757669,0.4052771296876739,0.39974870414392893,0.19847846400456043,-0.01925433637822027,0.3693819058009855,0.8437688666830039,0.4321343766191263,0.43127675049400477,0.3883114324005652,0.6332811463886903,0.14069145316583892,0.35435980744014567,0.19490858677069595,0.6497254475864385,0.31666323219115305,0.4334992147084633,0.6168224243853966,0.2499835279096913,0.2228652674447824,0.6040635004738266,0.7025618448115204,0.6931398717557515,0.8563455471849468,0.4489879319753958,0.1430489182643611,0.733260091309588,0.26291600413657035,0.7038240006453166,0.6135995652762792,0.18427682918035487,0.19517381378779908,0.22538536022014444,0.16735062081652802,0.6356611576970927,0.9982860702930025
0.862474987278002,0.6292957907120393,1.0,1.0,0.43785278011617934,0.6742972238494542,1.0,0.8240375353765041,0.7018979508000536,0.7467006334046365,0.20219177882955142,0.5186004981284321,0.6945838623357203,0.41281476528940775,0.8427230360510206,0.8310249421913046,0.7105793164080992,0.9840609788366492,0.8918597774790502,0.7030026239498031,0.7235357534027977,0.8648985018320776,0.8213927510457528,0.363314165446226,0.7215791138539716,0.7515213849801834,0.6654140580424981,1.0,0.5180410006088565,0.869629867215648,0.41058130740467536,1.0,0.8491697494110662,0.783251268507588,0.40715921723103937,0.9009900192613819,0.5191707651607057,0.3838114360989057,1.0,0.8607776708805719,0.7308937407161928,0.5278662219146666,0.4107115480107206,0.7274158258318597,1.0,0.6426302024603103,0.7116040275104328,0.6948996645214616,0.7086027966863128,0.6927725899116143,0.6243436093942181,0.6591962770855166,1.0,0.6245564531015693,0.7436613068423814,0.4086783941026061,0.87020723092467,0.6700760791888056,0.47943812745515735,0.8901886592916718,0.7186930683512225,1.0,0.75621309383051,0.6371391598107631,1.0,1.0,1.0,0.4121045444808473,0.271961831184121,0.8293950475233073,0.5625133972000209,0.5822025061358489,0.6235667533353602,0.9391191073466758,0.7697921890418021,1.0,0.6169225674631776,1.0,0.7748806958648313,0.37673552476038846,0.7581559458789583,0.8687258807654422,0.7067247208337223,0.5291559611149019,0.585279405740055,1.0,0.5537091809107408,1.0,0.5729211219633265,0.8602669975180534,0.34218447910912403,0.654224227155892,0.47933998058613003,0.789388738963862,0.9216570035823526,0.3469966079523902,0.7539123420507414,0.9367676808930784,0.6737540898634363,0.5087750998894731,0.7252126440516404,0.8469924474211034,0.6999422758485312,0.6030677509363145,0.7780343781631939,0.8641226239649991,1.0,0.5585216618816218,0.567148193282877,0.6472698293104604,1.0,0.9485760887375119,0.5050707560937451,0.30185785484732097,0.48896663317457234,0.5514768135762225,0.712476157721955,0.9167716847567337,1.0,0.35019586063381747,0.5240829692605564,0.8539078025122127,1.0,0.5238506573822311,0.4956867002491316,0.7147608230668887,0.8301968699966802,0.5917133877939298,0.5002148279740344,0.3898095375220188,0.8911675734382558,1.0,0.6557533547423502,0.44346122992623405,1.0,0.9041128745952338,0.3305698834752882,0.5371182967476574,0.703695468688564,0.9611677380688042,0.7470793339793069,0.3899031972195483,0.7208914650304411,0.8554506437917222,0.9228280023415731,0.7062840796498681,0.6061932119505736,0.6727096239785365,1.0,1.0
0.605997410468112,0.9186360357740648,0.8126795258822188,0.6443273273753878,0.4296093374891836,0.5041065697572997,0.5085461481669419,0.7521389826533114,0.34929808150103614,0.22532177078936355,1.0,0.4324213048184316,0.5993773934891482,1.0,0.3637646408694622,1.0,0.7263959760919567,0.5646134550578196,0.9374525671352486,0.40297407293149395,0.5699059737208392,0.6261074005169991,0.6145854934564474,0.9102805346721449,0.8678810495994081,0.5486579124645559,0.7128294806482176,0.8284272123584353,0.7914596548630662,0.5861568890013447,0.7856883259142083,0.7785350810421472,0.7241168089153996,0.9312777502276879,1.0,0.7081923271808047,0.664263725098377,0.6709172429013779,0.5344055188127413,0.5372256906810637,0.9985535255385001,0.9447649799431493,0.5601014785413962,0.9705978563206302,0.9798596440632861,0.8428671708168644,0.4443824831935995,1.0,0.8629766821411484,0.5006847453010411,1.0,0.804459700197039,1.0,0.761771163269631,1.0,0.7055382247275529,0.8676656387875814,1.0,0.6912418178079903,0.8083688898241359,0.8654070215591593,0.7072120106621687,0.9486058139977087,1.0,0.7359051939735051,0.7995915241689125,0.7886929687707197,0.9977602189564856,0.5499975835514094,0.7626933111337811,0.7791557919962181,0.6217227931163459,0.4615552563752865,0.8008454424032142,0.7879434053530575,0.8809703404891944,0.37346236464215926,0.676407412398481,0.6521446110583821,0.6256343094021927,0.9892691995588123,0.8626798071328154,0.9463507917028486,0.6455940720333965,0.6956466259152188,0.9858478994032531,0.9612335936455123,0.826226780741534,0.6311002185447014,0.6351229410161118,0.8109191353802034,0.9691001840156125,0.5850549014233535,1.0,0.7237714104073224,1.0,0.8879222933077862,0.7280281060858851,0.7729908833682821,0.8117767697556553,0.6477921872538808,0.3995777525018898,1.0,0.7425789973183281,0.8580807817290589,0.9593253112879148,0.6438384705106472,0.639463658217031,0.2479771124904091,0.8721622106846525,0.1277965976894695,0.8056195664580786,0.9476638328472593,1.0,1.0,1.0,0.9230386511946769,1.0,0.7457357695896762,0.9279049689827555,0.5086882718869392,0.5674262576676484,0.9155876612493831,0.5581270422909859,1.0,0.2948560536254434,0.976470308289819,0.9724140175831608,0.9597727098149698,0.6498458534871094,0.7525414652347405,1.0,0.2968066324598832,0.4742537549684019,0.9317509932333077,0.9897580776262729,0.43344545480969154,0.6461949371764215,1.0,0.5185958161592059,0.7595758990662118,0.2837801471691308,0.632466943878438,0.27625947170330906,0.6294379735461889,0.6382231892177062,1.0,1.0,0.8243927491638288,0.26072461556285514
0.32285212850285744,0.4013620861044419,0.41223762323814345,0.012453654964065863,-0.1252471143320943,0.04210039298101603,0.2016701934668155,0.4433896252544799,0.6311095351268331,0.279047198923777,0.08526501112664939,0.4322177473750363,0.2467847698170335,0.14947295628033397,0.5489516513691397,-0.038306398476592174,-0.008265880285381388,-0.014893917582701588,-0.08226653566689052,0.08545607578061373,0.21569957900466558,0.35209679980225483,0.40657671154560426,0.18555885141677925,-0.04077822872008208,0.2403182376124674,-0.11334955474649461,0.3227747120424428,0.13476957423198047,0.32085122249395065,0.4611533401267897,0.1703463371077482,0.3472987611754047,0.2786567276194657,0.6141052522667269,0.22408854942508838,0.21302644108335544,0.29747022051005517,0.027028009198616698,-0.14337205615793053,0.5291058565111547,0.6245262160374374,0.6425346885245908,0.08465313667851129,0.44804776717275463,0.20765045832297996,0.24258680632315002,0.17228851776846382,0.08565540087656337,-0.17451341160464912,0.0810690196214171,0.481469211042105,0.19597350995204313,0.45440343971475927,0.28174916325032595,0.6949882536837582,0.5397223059666967,0.3993409725263762,0.5501571916775141,0.2769975257659949,0.5805395228190342,0.17235334017063275,0.36155312148549973,-0.047245511354913006,0.026276046964429922,0.033071183538302296,0.3329147829700853,0.4407833855454937,0.5279809023493588,0.3649989726441963,0.5237032802817451,0.2137908396677781,-0.0008631533758327037,0.5577621454755041,0.5518110059827872,0.33534357115391833,0.5506017502026921,0.47874783262545806,-0.17134561525961817,0.37891732923108096,0.26944117338714474,0.367492039853458,0.47424029493814424,0.5121226367146241,0.516200419556716,0.11410449936750999,0.7730904579542173,0.46221689676653344,-0.15211011622041543,-0.1820976936311638,0.6800977893009368,0.5403297985731987,0.4937050193926016,0.18504318435814754,0.30320239692675693,-0.24080894365008182,0.09042293917011801,0.21174020701126417,0.7313121793940538,0.041473752724104834,0.03584677035298539,0.11813606165052587,0.34735257622875393,0.33958008479727353,0.5928176468285538,0.22567144180072152,0.3776937543778308,0.02694961326873313,0.2782956093266138,-0.13304954603911512,0.05323947166529577,0.20464878467737935,0.5110363278187032,0.12922114555726522,0.15000318058601822,0.09323980350409955,0.6345372449032065,0.25672885411744634,0.07063873484819042,0.17779876472603182,0.10092502244594212,0.1074396350680075,0.21506541852924338,0.14711294348941215,0.573143059398185,-0.0039488993282214,0.21166994669120148,0.8051087614417873,0.7360789826797163,0.5848773075438499,0.20333634573311682,0.4778153034309979,0.30728507153280893,-0.20813424563008154,0.16540091958524936,0.592227013000037,0.4557215698129759,0.24267889316464206,-0.0996554632149762,0.5335328896814582,0.3604623280024395,0.08100923708961089,0.43907175215691674,0.43941175880126454,0.0033975175356965037,0.14101718729302212,0.6538234719356688,0.05711896329760002,0.35252734460508506,0.20057440785515923
1.0,0.5834463648490109,1.0,1.0,1.0,0.8912052761753546,1.0,1.0,1.0,0.907248199525705,0.9674239558569031,1.0,0.9454544678477619,1.0,0.9873270087976442,0.8418129317803227,1.0,1.0,1.0,0.8822266478391159,1.0,1.0,1.0,1.0,1.0,1.0,0.8471297906063726,1.0,0.9328159229312887,1.0,1.0,1.0,0.8065424743377163,1.0,1.0,0.847901630456091,0.841625173759838,1.0,0.8073406390883976,0.7340322938744146,1.0,1.0,1.0,0.8977484087273822,0.9907547239465087,1.0,1.0,1.0,1.0,1.0,0.9896014960816072,0.9197754145734993,0.8337859058893182,1.0,1.0,1.0,1.0,0.43390148416895613,1.0,0.8238312412046866,1.0,1.0,1.0,1.0,1.0,1.0,1.0,0.980379284269306,0.9670618016736148,1.0,1.0,1.0,1.0,0.8162758882267462,0.7670736486053125,1.0,1.0,1.0,1.0,1.0,1.0,0.793921101012405,1.0,1.0,1.0,1.0,1.0,0.8843154647299155,0.7305430118525926,1.0,1.0,0.8660305443240035,0.8762846943335316,0.9589737238755562,0.9639086556066863,0.9184429973482969,1.0,0.7345109551582347,0.832386349553064,1.0,1.0,0.9473193238663246,0.8986102766344638,0.6736282502666744,1.0,1.0,1.0,0.9146383666169613,0.7086649764453414,0.624406936568688,0.7426431872524482,1.0,1.0,1.0,1.0,1.0,0.7391572278937522,0.8851276961883531,0.8460418255797428,1.0,1.0,1.0,1.0,1.0,1.0,0.9573009451853306,1.0,0.685090603535276,1.0,1.0,0.9360131622198038,1.0,0.8701637492140241,0.8352239068260683,1.0,0.7833320444038698,0.7462156320215012,1.0,1.0,0.8679378632932925,1.0,1.0,0.9922093346231502,1.0,1.0,0.7685537033844055,1.0,1.0,1.0,1.0
-0.18790431873935476,-0.10236480943041087,0.07109508976488002,0.24075958779627077,0.644505015674008,0.3032165705899621,0.3943623656028741,0.5696528922376487,0.17138958361860154,0.5835926739882165,0.3966970823037229,-0.07019399814648097,0.32203452892503454,0.7529738977126504,0.676511053281647,-0.038059241866026716,0.4461464618650693,0.43576533919716365,0.23070142941944724,0.1520134359262822,0.44451106528007167,0.0038494640940803238,0.22595894654447685,-0.43523983528509746,-0.07228452565210841,-0.11948701989091853,-0.034419937422609514,0.45864330930487246,0.5329388215337609,0.6663515736146993,0.3586112392083415,0.5064461818520652,0.5951461903170747,-0.1108624524635044,0.1568765234548187,-0.11831660096010838,0.7677243441848334,-0.09349251119293978,0.20523140678062446,-0.4203271871065196,0.48508165397862785,0.6289710778282973,0.2806013243617873,0.5468834558010598,0.3612595299608281,0.5164705821841475,0.20830872346646218,0.614125560659458,0.6772689769857119,0.28775572755752843,0.2881140124607012,-0.17225198207889386,-0.09333775808283257,0.24280943924643705,-0.5436870061073454,-0.061501880140939824,0.5081481081656871,0.2805647106535537,-0.4452182547681637,0.04059276703403014,-0.031060657468359926,-0.03359073895950543,0.11734290252881661,0.18008392348144586,-0.16172993704200195,0.21456265738550193,0.05662676219208765,0.16443841413236054,0.09022384829166676,0.9757749546035283,-0.18377821187296134,0.4589990067527807,0.3916245961327433,0.8994938014253437,0.5500829929302676,0.27005350739978484,0.26223002974139276,0.7157227040203593,0.5635506948528679,0.13986396414855254,0.1403706146628445,0.33925320209259935,-0.06329819556468236,0.2332546030331784,0.34831424515649845,0.15461718876020172,-0.09184072623405998,0.3095830075590562,0.09939832787482877,0.10978330657476838,0.01577852247781439,0.8182309526285259,0.7494254332805789,0.011726996484298258,0.5166910756048178,0.2746109793477656,-0.02089752612921522,0.21160131553322037,0.3195515371577059,-0.3870364708349079,0.528074515789403,0.16450205520823352,0.6228713355224498,0.32524304976624124,0.9385924756706578,0.36159326875609965,-0.1031551026742823,-0.03778264766556877,-0.30431713399765603,0.38970641130547035,0.5408880937488445,0.030131952077550928,0.4450318922870239,0.2673037710825007,0.1252717507059305,0.21131482429663506,0.3850685051302969,0.2717963825780924,0.1002768544179099,0.2287232069843157,0.4775328371356097,0.23093806162527972,0.2620153056351134,-0.08383510355102769,0.6745795154483052,0.3040067610910775,0.03771698047950997,0.24510633147805105,0.7689939113069532,0.6793406305501747,-0.6919668036952183,0.66437203890321,0.3223612798897234,0.3752435530847643,0.6722407213676822,0.34478814558669585,0.29434416613009673,0.7338052626716436,0.589391179629188,0.14567789818569404,-0.16375206742021248,0.18227093168762554,-0.21377936577054923,1.0,0.2914219811468224,0.28184942552457914,-0.2588144225638993,0.7908001088047469,0.32222432622247366,0.06445397192680016
0.33107351542153063,-0.14573957047949956,-0.47507188223853214,0.3799730117293741,-0.010087175936839391,0.10226861950647376,-0.2697613205392093,-0.10524053974341996,-0.23988286049800633,-0.014511317311907468,0.2047065751825233,-0.25857727279234094,0.35462841215217666,0.010641626342437788,0.6233447133821175,-0.06716776581290872,-0.18724312862565717,-0.018077705202667993,-0.5674667122625545,0.5222635930217039,-0.027028368610845677,0.12312769913401077,0.028915512413984597,0.3159958327729542,-0.09705997265057736,0.38502994496081255,-0.1292668701538216,-0.140222559274337,-0.003267935367027977,0.3499258539272475,0.062332313319091434,-0.026228473321765408,0.5260901487489009,-0.4453319216355867,-0.19707021216132908,0.9016510086336347,0.26577188776691607,0.036584288836032,0.4803636681132491,0.2766882207659787,0.047968440139055206,-0.043999379771080746,-0.1291531623954762,0.21108086075855528,0.19244172059375772,0.030879049755827545,0.22254675667728394,0.4555973174730727,0.23606637883014733,-0.04462745345811851,-0.42626152698654746,0.3542422224544724,-0.21907606016728734,0.24656088032771603,-0.022869087234727282,-0.48599410985951014,0.3414133574366651,-0.2635882666608576,0.28657200895817847,-0.8878873077291558,0.5905275274881967,0.011908049364019704,0.2559369969940327,-0.07046916631466237,-0.08991134972212057,0.23261197649840276,0.08923710713193551,-0.1342389554908017,0.12543770836561452,0.07449691304981086,0.6691789350754926,0.29669545529866953,0.43190479693692624,-0.32118439246180797,-0.11447967972275142,0.5502322629489376,0.6928533299549449,-0.061503521584644394,-0.4834340058471505,0.18705244061705875,0.05255772570882279,-0.11822736986910462,0.10180936778727932,-0.10809713380013303,0.29430693184018586,0.14032365259118462,0.037335170196578886,0.10068379571246357,-0.23486535759631522,-0.007029174442276305,-0.1987075418940359,0.2175087874499198,0.09280183188842572,-0.25308084187577373,-0.5034930427562596,-0.15649590939784705,0.2172386232081088,-0.0686040158858884,0.30767078979052115,-0.1973198945686796,0.21888134129293463,0.4233797887580289,-0.20198330631679742,-0.2530659842460688,0.013626353052819559,0.39643803488155743,-0.1728527350042283,0.1467549016096698,0.07339125061531236,-0.2853265613200088,-0.005804042076398081,-0.3558351202604912,-0.03690660049729227,0.5312026645424153,-0.3643707667861106,0.2974971864707072,0.3118651554695682,-0.05362928961334559,0.5388323476492614,-0.020807057414873688,1.0,0.2119280651588874,-0.2981848588695738,0.49729133809415665,-0.03865547731210007,-0.4309630391063796,-0.7308225709819614,0.34129596601342954,0.297478892091836,0.10967756034966483,0.049747271749312164,-0.2401738183589186,-0.05023766897811521,-0.05995452433291196,-0.11573939188038368,-0.0713030351064327,0.29293803240815053,-0.03693338086376009,0.014133791226319786,0.8805351264740293,0.04128422780991536,-0.5173166246167691,-0.0888766063408627,0.26953767052617283,-0.5986760306702423,0.6951309327006134,0.36911802089583035,-0.4292258829198032,0.28100905213240546,-0.47164586337983644
1.0,0.8866928814517643,0.338905406339718,0.26800717805093793,0.9587710549372985,0.6924108428847301,0.16971735966313778,0.523782137661248,0.7868672472201657,0.7820194634631477,0.7666888050296564,0.3461308130313977,0.9419998655571291,0.6139224110012109,0.5218454226687705,0.7934918754962813,0.5958591722770713,0.47062943364243726,0.6602833474265905,0.879208275310305,0.5390448063446558,0.5220433597346184,0.5371578276181903,0.5514907515340542,0.6844921218818004,0.04472144771311559,0.8510902250545467,0.983529096276907,1.0,1.0,0.7958452226637749,0.9401424773392303,-0.0629509050399677,0.3318152588889766,0.6939234461551612,0.6951266140183755,0.1959669104148497,1.0,1.0,0.37662406323680886,1.0,0.6775733453751948,0.35032018431411927,0.3862346586460649,0.5748022035925648,1.0,0.4170875827463289,0.6687043389386522,0.44132917464205956,0.48063665287611,0.4599558139399602,0.8113486533237203,0.5173240942304829,0.699811958555752,1.0,0.6544638007812493,0.6858532037289649,0.5238319839778216,0.31758582896250676,0.49128805119296504,0.595817234927353,0.8443474691389291,0.6929396230858997,0.06045135109252131,0.24600998930734408,0.2948294561859667,0.7897837269515613,1.0,0.6544835269430589,0.8565012764531558,0.5571026326491985,0.5072307663781258,0.11188020672585997,0.26816070834815287,0.7175438652805736,-0.2595376754516967,0.4757287117462681,0.8744243857366576,1.0,0.6813836734305604,0.8882118617789925,0.33228817346997447,-0.08225978286089541,0.27202822337081073,0.7118358961975144,1.0,0.12518094965310667,0.8042999621434836,1.0,1.0,0.5569698336227396,0.5403999448739594,-0.144786422365919,0.4780050665628533,1.0,0.19030185676985883,1.0,0.5362564863225155,1.0,0.14280051304821073,0.401293260309291,0.44223851325052643,1.0,0.729004296489596,0.5868858531835993,0.39723381995695173,0.1867285847854091,0.39873590483178567,1.0,0.6517407276037692,0.3911155067003372,0.5473943584215606,0.60909531556735,0.5469634710988075,0.6326491132531352,0.8759168404760629,1.0,1.0,0.8722010867989461,0.03537159068578766,0.8894765513212137,0.7293164314492149,0.5052834288917067,1.0,0.4632441144496755,0.7156604281061961,0.5817359940893119,0.034774791545530426,0.7692738046266161,0.23835523422514326,0.7615585565336079,0.6864944467701333,1.0,0.1535612345594659,0.5033967270311548,0.3225039044802976,0.6162273859469589,0.8363151595159563,0.422247066832625,1.0,0.7344838710368405,0.6771496665794087,1.0,1.0,0.3226657350549958,0.7401999060438335,0.4870645403559035,0.8773405050989347,0.2990826455657682,0.465026585757924
0.9023319425135395,0.8596001533068227,0.5905203264644308,1.0,0.6655349289122061,1.0,0.920043941589157,0.8882490489754701,1.0,0.9560387867115445,1.0,0.5982646553548869,1.0,0.9224792984390979,0.6662906937059705,0.6096855213654107,0.8813529496112625,1.0,1.0,1.0,0.8255068428539108,1.0,1.0,0.9811812903200596,0.7595286116318145,0.3377421398165803,1.0,0.9687729090627698,1.0,0.6412098426460304,1.0,1.0,0.6950437862069518,0.24855743825194043,1.0,0.6365950743029628,0.8179366541818294,0.7054965320647734,1.0,1.0,1.0,0.4038160298400304,0.5625374394143228,1.0,0.7308319614663165,0.8187018286914038,1.0,1.0,1.0,0.7158298430450463,0.824640745933274,1.0,1.0,1.0,0.9672013139940139,1.0,1.0,0.6915204867678093,1.0,0.5470597493324083,0.6530162066993108,1.0,0.8090837409691392,1.0,1.0,0.5887731549614752,0.929668413736681,0.8615654416028228,1.0,1.0,1.0,1.0,1.0,1.0,1.0,0.8908612282296591,1.0,0.8241801590925558,0.8558833063176807,0.947225808084727,0.9541294057049495,1.0,1.0,0.6327351402012098,1.0,1.0,0.505998436768911,0.87275842327752,0.7228541062722165,1.0,0.6022541707788118,0.7187783287943235,1.0,0.4340734256462576,1.0,1.0,0.7697487811316859,1.0,1.0,1.0,0.350650785242162,1.0,1.0,1.0,0.6481113400001516,1.0,0.9277990215788698,1.0,1.0,0.9441677587554478,0.8923095136944741,1.0,1.0,0.7957873067284933,1.0,0.4478069194713755,0.451441401522092,0.6499924590886146,0.9729165197955564,1.0,0.4600519440401538,1.0,0.5704651441338124,0.8341558785310181,0.920840696130915,1.0,1.0,1.0,0.9624868732866125,1.0,0.9770054209054089,0.7945501947596638,1.0,0.6347156990280485,1.0,0.681917023005249,1.0,1.0,0.7331956941771605,1.0,0.961648856952324,1.0,1.0,1.0,0.785576075390354,0.828363922342042,0.7720115316120206,0.0837991916119647,1.0,0.9579048797068709
1.0,1.0,1.0,1.0,0.9904392510630022,1.0,1.0,1.0,1.0,1.0,1.0,1.0,1.0,1.0,1.0,1.0,1.0,1.0,1.0,1.0,1.0,1.0,1.0,1.0,1.0,1.0,1.0,1.0,1.0,1.0,1.0,1.0,1.0,1.0,1.0,1.0,1.0,1.0,1.0,1.0,1.0,1.0,1.0,1.0,1.0,1.0,1.0,1.0,0.9100350246980705,0.8928252058770338,1.0,1.0,0.8865027234083994,1.0,1.0,1.0,0.9663997759373477,1.0,1.0,1.0,1.0,1.0,1.0,1.0,1.0,1.0,1.0,1.0,1.0,1.0,1.0,1.0,1.0,1.0,1.0,1.0,1.0,1.0,1.0,1.0,1.0,1.0,1.0,1.0,1.0,1.0,1.0,1.0,1.0,1.0,1.0,1.0,0.9540388896226655,1.0,1.0,1.0,1.0,1.0,1.0,1.0,1.0,1.0,1.0,1.0,1.0,1.0,1.0,1.0,1.0,1.0,1.0,1.0,1.0,1.0,1.0,1.0,0.4473151461327234,1.0,1.0,1.0,1.0,1.0,1.0,1.0,1.0,1.0,1.0,1.0,1.0,1.0,1.0,1.0,1.0,1.0,1.0,1.0,1.0,1.0,1.0,1.0,1.0,1.0,1.0,1.0,1.0,1.0,1.0,0.8914651537670297,1.0,1.0
0.4706183445954822,0.7118379263577926,0.5760524707900931,0.7424669168013429,0.201548293027403,0.06787817221506565,-0.006759870235574672,0.160212763432608,0.12629677266254236,-0.002077592769751835,0.616423768163654,0.4722260865258038,0.7580582223556898,0.6218666153535767,0.48524274923145483,0.26405680102754736,0.4146761795474596,0.17460259567693287,-0.19423465763483466,0.456856006989806,0.39589790566854255,0.32636767953742074,0.1405383528193316,1.0,0.27322114620679516,0.29429785836783084,0.7354501255341482,0.46475033317603,0.8792125626227103,0.23937071113156394,0.13789717613146124,0.6218504332985677,0.17405944086190903,0.4383062155761785,0.45441032121897396,0.12529575325915254,0.055130898449201826,0.4375512695189189,-0.36507820419377873,0.17587253505887515,-0.0160985813183116,0.4390811357436708,0.742103096398679,0.8740945825789109,0.3069429684120602,-0.1609384459565369,0.19024282596850253,0.3890201868932621,0.22247972341483332,0.05172164917257699,0.38383576384674284,0.13511751219056634,0.5917402629392675,0.5902670357642328,0.4766173736726548,0.6250880175314332,0.38946661494043755,0.9712681488591235,0.42659244842296734,0.7621101108837417,0.5763483572874456,0.9206619950618065,0.46544978525904296,-0.03726603736312489,0.4459951345301281,0.21828764039628556,-0.0024772558967831038,0.05639149712503477,0.1972276361603864,0.4712904658365161,0.2728865494906618,0.6113043627681217,0.7130235134582203,0.4331102151030616,0.664230782429024,0.3381958214575153,0.4699287484222858,0.17462403516591515,0.5401411290000628,0.5269246668798115,0.2518483313462245,0.9067706155184789,0.473091716449983,-0.3316799362962845,0.007105277187409609,-0.25629082445279167,0.3678715142041576,0.5987748534226259,0.4741312911658697,0.6202556705967889,0.9341866003294568,0.5075109709231952,0.356477205687334,0.30461510157810434,0.42790151422158906,-0.0339355299844501,-0.031814851814374434,0.36924291620279215,0.5675789834552558,0.3206760711376893,0.277192376317791,0.4671169121311377,0.06884365005271731,0.01294529338281214,-0.14022817059719078,0.03286018452787187,0.6515551549748216,0.8158930702953568,-0.04713877441489739,-0.1873585840421555,-0.06805795421841232,-0.08125492902929482,-0.16966271852307252,0.4823144838157243,0.2347838213239381,-0.2500298040030737,0.5707181660374641,0.274570220299494,0.2737740203118375,0.6979765916960925,0.6257539015231512,0.3699839797245014,0.6683104167873297,0.6043230759008729,0.4711957061862287,0.12606532559117645,0.9757567154700411,0.6989104555696,-0.07162262554759385,-0.03557102717783117,0.6456990772465516,-0.023678676379707164,0.7974796607300066,-0.08962892990303878,0.723762957885917,1.0,0.5068190710295708,0.6421547238707259,0.037817155624860155,0.5828916798601065,0.05602935559565608,-0.0007327079096871025,0.6226689981332562,0.46148339135067695,0.39595290147407575,0.49100277690129457,0.829734806803616,-0.2082530557806856,0.14405095999764228,0.5966313948380615
1.0,1.0,1.0,1.0,1.0,0.552500766904279,0.9956018686555447,1.0,1.0,1.0,0.22566742554058217,0.5507248247021599,0.5064879180326656,0.19442994261967217,0.7246996112946861,0.7801723864597263,1.0,1.0,0.27904387553575816,0.8264796768661851,1.0,1.0,0.8121291408255372,1.0,1.0,0.8449637791396714,0.6836968900047204,0.7297381854701628,0.829251863876868,1.0,0.8910130996677063,1.0,1.0,1.0,0.8248699535911823,0.539619160541199,1.0,0.9662987341444853,1.0,0.715616295162167,0.7539614763064354,0.9209727666783668,0.9722166494911898,0.493557607957658,0.7136032575396083,0.12076106198247094,0.87412192253776,0.6004062837229056,0.879363111607803,0.4018144330844968,0.8239347918186171,0.8911582766058658,1.0,0.9224841402281209,0.7223345967148038,0.5609831090140598,0.6493741125538848,0.8097310734333931,0.15675896747126417,0.4448940378751281,0.8954302261084571,0.90231156653957,1.0,1.0,0.8546378628162736,0.7642520554863378,0.7564183887838061,0.6866968689958113,1.0,0.403506523012415,0.944324299371115,0.714552923040328,0.8191340244650434,0.42800846498225464,1.0,0.46026320644942287,1.0,0.39922322069427063,0.513894836177065,0.4792848316341168,0.9724235455327795,0.9230479190452178,0.4257983624463765,0.744893415015279,0.9257760410107924,0.614305995836262,1.0,0.8646191509938332,0.606995456141059,0.6050119115178663,0.7639559232132802,0.797194311351187,0.6893314027361485,0.6685381219127613,1.0,0.8905333876010003,1.0,0.7517405704411373,0.6272762469603554,1.0,0.6313672731702293,1.0,1.0,0.6625449526471383,0.8376982674420838,0.8349394134382798,0.2924848729658598,1.0,0.5772643483925488,0.9840043762994679,0.37415881738837237,0.8093623703147144,0.7414517088193844,1.0,0.8607095786207474,1.0,1.0,1.0,0.23386184527452647,0.9031561240856061,0.8917309622283732,0.8811953192080457,0.8187146412386098,-0.1762502725802566,1.0,1.0,0.7290416235519376,0.4618037157471654,1.0,0.7109870076869526,0.9412717768583679,1.0,0.31235971384598116,0.3970251007641498,1.0,0.857841370236477,0.9566818755828221,0.9909973909869189,0.6439108937910559,1.0,0.686247263834217,0.7711759570259946,0.9225678406537481,0.9373678197937407,0.27510687566217185,1.0,0.699623767012631,1.0,0.30469725517766966,0.5631730793751019
0.6533922362412131,0.9414965287193925,0.5464550700003145,0.4082097001066659,0.36094840494124747,0.5276069397983503,0.6658594343189483,0.8459079188899203,0.7835986018205907,1.0,0.6558066602904361,0.7391790755544243,1.0,0.8193094287140599,0.7603768971788696,1.0,1.0,1.0,0.8952595166346585,1.0,0.6859881039257218,0.5582681578099485,1.0,1.0,0.8957211145887567,0.6665249217307316,1.0,0.8587854012649593,0.750595132278228,0.5344142573242501,0.877012460360206,0.15805851613010302,0.924870753288438,1.0,0.9727779217804813,1.0,1.0,0.6485994921399748,1.0,1.0,0.6547725476360446,0.7006215623601494,1.0,1.0,1.0,0.9626789660390761,0.9803118322744059,0.8819902177074208,0.600457712862243,1.0,1.0,1.0,1.0,1.0,0.8896147675198154,0.9791819661065435,0.7470943628775535,0.9419160637556822,0.7851666209959794,0.8348796916616659,1.0,1.0,1.0,0.9234915341013012,1.0,1.0,0.8410023050364466,0.8382077259414835,1.0,0.49921860050963235,0.5731272874512601,0.6208558775993004,0.45922716270474895,1.0,0.5538172740885534,1.0,1.0,1.0,1.0,0.6142772593169757,1.0,0.848272026548762,1.0,0.957312291988601,0.41085522814120434,0.8781560241039642,0.9918055123034795,0.9812177388137225,0.8632033784648218,0.6493583486214377,0.8432399219436792,1.0,1.0,0.9129243858136723,0.9324975022376103,1.0,0.88133140774478,0.5470838088035656,0.853120486617379,0.6528890737254969,1.0,0.673887151851607,1.0,0.7978117113054901,0.753399701892483,1.0,1.0,1.0,0.6849273571903741,0.850437936119292,0.6185787604562534,0.8687600060620542,1.0,0.8665572751067429,1.0,0.8484052480023714,0.6480991309252392,0.9837331110314786,1.0,0.8661589227720994,0.6428121685212314,1.0,1.0,0.7785190521109298,0.6469195109940321,0.8582677940760116,0.11841519502837738,0.5628708526657262,0.9073737471106956,0.7005682744886914,1.0,0.7649252843282599,1.0,1.0,1.0,1.0,1.0,0.8759550687016676,1.0,0.6681365833695129,1.0,0.897417898439527,0.863167516394317,1.0,0.8681509142789607,1.0,1.0,0.9522297136789543,1.0,0.8137697849894853
0.7009076408264165,0.7625668368307267,0.6685907256175769,0.5629055015960084,1.0,0.31662399164601124,0.7391503752715831,0.805238583520768,0.401643739626941,0.9515505495841207,0.9101882529198455,1.0,0.5122300306994817,0.5228437999306571,0.8493819099135416,0.5178617956330062,0.4976428763029913,0.7730503091624803,0.9919963641320928,0.39413487967234273,0.5396359905540334,0.9843488311421491,0.6326490724877282,0.9098071889776986,0.7360836191722899,0.5294860793337076,0.17182151175613414,0.4898877292435456,1.0,0.9893427817095146,0.11542658247808713,1.0,0.5154263428889609,0.6975631609643432,1.0,0.37133109491144545,0.7929579579487008,0.748444679522711,1.0,0.5242764601396611,0.5451207680704274,1.0,0.9554446120818316,0.9635296818119787,0.4533654076544933,0.22254304572235156,0.713765311561018,0.7347728461940687,0.945481684358616,0.3890734695176265,1.0,1.0,0.7119888667956481,0.7026653678176589,0.7706497317177902,1.0,0.8933771391611731,0.33823835335230074,0.14742186965053805,1.0,0.8483715079606171,0.8537710461907108,0.770871207223013,0.7799941247685249,0.3182852835768401,1.0,1.0,1.0,0.31717473814000163,0.5452409020744398,1.0,0.904291623010517,0.7036416675136968,0.3200026260787217,0.8286050702629633,1.0,0.6032638184814687,0.7791730658369377,0.36611649016707437,0.8394557858391012,1.0,0.6755057340908848,0.29780801910267285,0.5536796857094632,0.7030587060332187,1.0,0.5624607798470742,1.0,0.6084698258943002,0.9535442856545007,-0.08958424472618465,0.9487540496864147,0.3773594484412342,0.25495412620854185,0.5851383567042194,1.0,0.6788417688094132,0.49222133847575916,0.4037724689896255,0.17287212940447694,1.0,0.6388242130215102,0.8933016640709889,0.7714389426486837,0.9656038434585295,1.0,0.9060839760066767,0.887323615567786,0.8162417534875215,0.97222612825533,0.657768130593674,0.3985138288887869,1.0,0.5054561492252482,0.7216169653120487,0.40698435901336205,0.8203450309205207,0.5938718342386702,0.41295370044304025,0.73257425243412,0.4812847190810855,0.7460513828815638,0.45075922728993734,0.2197378224146983,1.0,1.0,0.981275969008753,0.7373565079830219,1.0,1.0,0.35814860935548004,0.4490682357425974,0.23079059384156925,0.7548703361243938,0.5337928001810393,0.6413192949362349,0.7556382500462385,0.7784658787344156,0.3104339173608515,1.0,0.5581275686227327,1.0,0.5666141711568201,0.47289464319891283,0.45427685229645237,0.8051349517137087,0.845551900070171,0.9466001741408778,1.0,0.29813327648586024
1.0,1.0,1.0,1.0,1.0,1.0,1.0,1.0,1.0,1.0,1.0,1.0,1.0,1.0,1.0,1.0,1.0,1.0,1.0,1.0,1.0,1.0,1.0,1.0,1.0,1.0,1.0,1.0,1.0,1.0,1.0,1.0,1.0,1.0,1.0,1.0,1.0,1.0,1.0,1.0,1.0,1.0,1.0,1.0,1.0,1.0,1.0,1.0,1.0,1.0,1.0,1.0,1.0,1.0,1.0,1.0,1.0,1.0,1.0,1.0,1.0,1.0,1.0,1.0,1.0,1.0,1.0,1.0,1.0,1.0,1.0,1.0,1.0,1.0,1.0,1.0,1.0,1.0,1.0,1.0,1.0,1.0,1.0,1.0,1.0,1.0,1.0,1.0,1.0,1.0,1.0,1.0,1.0,1.0,1.0,1.0,1.0,1.0,1.0,1.0,1.0,1.0,1.0,1.0,1.0,1.0,1.0,1.0,1.0,1.0,1.0,1.0,1.0,1.0,1.0,1.0,1.0,1.0,1.0,1.0,1.0,1.0,1.0,1.0,1.0,1.0,1.0,1.0,1.0,1.0,1.0,1.0,1.0,1.0,1.0,1.0,1.0,1.0,1.0,1.0,1.0,1.0,1.0,1.0,1.0,1.0,1.0,1.0,1.0,1.0
1.0,1.0,0.7821835902815705,0.8467655199831395,1.0,1.0,0.961294672817803,1.0,0.22723580666931242,1.0,1.0,1.0,0.8237075452162768,0.8654406933142346,1.0,0.8925548126434639,1.0,1.0,0.5063747819538396,0.7723185775061479,0.7574824825825983,0.8765535882566223,0.6823689722770514,0.8134685690012459,1.0,0.8150674402164164,0.5442548804170506,0.954261955268553,0.9961824892950104,1.0,1.0,0.8675090709049957,0.8818042124209126,1.0,0.1490419885676093,1.0,1.0,0.7606622713370073,0.7161727442167627,0.8500323529452792,1.0,1.0,1.0,0.9365446223109971,1.0,-0.11047764184061837,0.8222978119878956,0.9424422105093239,1.0,1.0,0.8459039347539473,0.8292379089391481,1.0,1.0,0.974308856977961,0.7847019406125868,0.7527471985490551,0.8076337649647316,0.5853636518715702,1.0,0.2299371907248151,0.6920536551818802,0.44494093945975155,0.7793325467095095,1.0,0.8151837027909599,0.8850906429162845,0.9568762443805172,1.0,1.0,0.8086374432947847,1.0,1.0,0.6390631817210259,0.8014230622975973,0.6430567374520204,1.0,1.0,1.0,0.8441296444947797,0.8613216979218343,1.0,0.6780975340068935,1.0,1.0,1.0,0.7547305258138353,1.0,0.8464202062814767,0.9825897772757339,0.9862261141288944,0.9092536998726135,0.6957069924555643,0.9898635188158088,1.0,0.9080193034495653,0.8586413453515804,1.0,1.0,1.0,1.0,1.0,0.5434535496740525,0.9519196206036153,0.4952860607843795,1.0,1.0,1.0,1.0,0.7983625727578875,1.0,0.6153016112033869,0.38474563082083535,0.04494450076999945,0.9248562328985491,1.0,1.0,0.9746117978014822,1.0,0.8527215420727701,0.6588161669802433,1.0,1.0,0.9969924352274496,0.8177238454907454,1.0,0.6283762807758909,1.0,1.0,1.0,1.0,1.0,1.0,0.8539530503523002,1.0,1.0,1.0,0.7452991804658466,1.0,1.0,0.5035403989783445,1.0,1.0,1.0,0.6984604569934612,0.7876525752643861,0.7211885334474748,1.0,0.9972283538381093,1.0
1.0,0.3837679484491433,0.9781790917418476,0.7183852508387246,0.4643352190187547,0.559621087700461,0.17704112089436386,0.9643081084127874,1.0,1.0,0.46761273250968655,0.6455689951912362,1.0,0.9369386939827669,0.7273064288674875,1.0,1.0,0.17225897462119844,0.8533357118732996,0.4485230540670321,0.895522560160422,0.6306452752137139,1.0,0.6845731779235418,0.7406342738884021,0.959326634629627,0.7737140571446445,0.9070154457591417,0.6468919815348796,0.5288960931799025,1.0,0.6615524084626638,0.8399494458073391,0.6173609303476968,0.43219864777269407,0.04615437718834092,1.0,0.6496064546902003,1.0,0.7929718789612314,0.8058139668045332,0.448951338437546,1.0,0.8480969554849259,1.0,0.6985431321682578,0.5405365489553718,0.7825293052784691,1.0,0.621322747796783,0.8323780769783897,0.9048868034240298,1.0,0.8960163917214562,0.6532625024729367,0.9163142529386401,0.6992113599993965,0.5919829241013559,1.0,0.3615773187382246,1.0,0.9749147718733889,0.8280716948483096,1.0,0.07529922239374509,0.441324350153614,0.5280922225240275,1.0,0.7141522657129764,0.7496770342664056,1.0,0.5567599552397983,0.7781451926981839,1.0,0.903591621914345,1.0,0.799330008456198,1.0,0.8246002856271455,0.6952257428163654,1.0,1.0,0.7341987623344145,0.02783839119363507,1.0,0.7891242059868513,0.3718864609912523,0.5373397758365132,1.0,1.0,0.9551606255421803,1.0,1.0,0.5179770397082384,0.9262171043486036,0.0746399429363519,1.0,0.32154198333217987,0.9447584369584989,0.9421631254919589,0.5696371851381181,0.4894202860314786,0.5181803728715347,0.6117987773804571,0.8763503318101348,1.0,0.6783744827336959,0.7761228716930584,1.0,0.7650252146606338,0.9283590627237495,0.9041132028628169,0.8896545231490027,0.56087095025293,0.8170179127710513,1.0,0.8608278086690677,0.3965332493375282,0.5133134092659877,0.9528806735632585,1.0,0.20628092756609695,0.6045435104140588,0.6985444229580315,0.47930303179433364,0.49221161435292005,0.5728467924882537,0.7243092844006455,0.6679680452858953,0.6641995730798506,0.548010611667025,1.0,0.5331880819903176,1.0,0.4161973788311413,1.0,0.5009189887821598,0.15053332798895902,0.8159711764465812,0.3910694377394877,0.6857183429319016,0.4886771854237706,0.5076102292644937,1.0,0.8793795676611732,1.0,0.5371478279436999,0.35388694348049976,0.7940804478547621,1.0
0.702302774884934,0.7052399998385077,0.09897571891712231,-0.07289054906305942,0.47291437431651395,0.12046922889222483,0.2757605959807783,0.6675479621368662,0.3278126511966573,-0.21523030252097813,0.1859763106853951,0.014123728841723582,-0.15405019408896692,-0.6181084994163604,-0.08719495094543589,0.3263931958147309,0.13165341884563692,0.45873380604955294,0.5669058772025595,-0.21289432727730578,0.14908148724842524,0.504944510469403,0.035781740542846274,-0.19198514871536504,0.2024168925806933,0.6371491547453877,0.8529672071223324,-0.17865689264083257,0.6655936821692721,-0.11572224108083201,0.33869386234930043,0.7688090308062759,0.3197701079116817,0.7941631611039475,0.367939400954624,-0.09687786405520948,0.2678928770961206,0.3942855666003847,0.07667876281122135,0.30123166290114683,0.33063718397964825,0.09630455926615203,0.156395370494864,0.3590640322318063,-0.00953725154723023,0.2901568331050775,-0.16490081630044506,0.9370277775356188,-0.17020857467004696,0.023669250796966912,-0.12278179946416462,0.04514177541749764,0.2018441381923986,0.1485977733000235,0.26626032091206414,0.22265144462774722,-0.07138787935620339,0.28095857232006893,0.4485960027699095,0.7656485571061615,0.504132975316399,0.15208572791978042,-0.6813134629197044,0.5905475199633632,0.6165797978787563,0.5583704523562052,0.11973530872406157,0.24437484467164466,-0.09232313006045878,0.10165952308764978,0.15820649620007327,0.5823645366331951,-0.11870535181586273,0.21893882036399126,0.312809074655439,-0.02901613036380618,0.03410504793226554,0.17078956212101157,0.7878342610761419,0.29425969007150127,0.19232855864867182,-0.043048752396178946,0.06675400981044904,0.11910970244375349,0.6761688692032399,0.037976578660599,0.11704725891010767,0.03282949507143795,0.519899373355666,0.14847158414316242,0.07655364039826629,0.05182221006246737,0.5346064973325502,0.9998406494174936,-0.20404336604590761,0.35127870727936783,0.5241672613240907,0.6377162604646875,0.2561845009477994,-0.21966829590573939,0.2954270827151819,0.5934421749073393,0.4936998865075154,0.3994537045439706,0.8121753005870087,0.37124593388480065,0.005829845604288397,1.0,0.17463030106863758,0.3404789419375109,0.15776933715006333,0.08219519798860958,0.4232929570641666,0.25772660883319565,0.07743033057926368,0.05669964715519568,0.045404301395979535,0.20164785443158062,-0.3604281348761616,0.0603588364895373,0.9996731453122456,0.758602468225877,0.08534394548932062,-0.060418717180156234,0.40498104703766274,0.5325575488030171,0.6294465015552813,0.03469652076920665,0.2997241693094106,-0.07832642570732429,0.3133399703569882,0.232286067832037,-0.16121676074860652,-0.15209252568415665,0.18255875564183022,0.7230549849562621,0.31772100218991906,0.19107715222046787,0.2555925254213947,0.5129841417724348,-0.07916082822520482,0.15352226631011437,0.30819132771471147,0.36689377094091913,0.1776416531612804,0.48493668469964946,-0.13344686971046438,0.9964757046597439,0.5887003080239488,0.05020720610200802
0.8264489245827729,0.358624391029414,0.31229160793856064,0.43398346638045215,-0.27088603248987064,0.35057558846641296,0.23608068432850976,0.07318777390184866,0.8888221824276089,0.015968156755315155,0.6978406633255932,-0.04053072358476667,-0.006151379020111758,0.0554334100959209,0.2761870358638557,0.6937054854501233,0.17901751102439428,-0.1607617109348387,0.3485273047346964,0.3858220344553013,0.4716973883145964,0.4013275931353891,0.04280358240704146,1.0,0.19354388983730184,0.5779701883269618,-0.029200483024256485,0.25229395280145006,0.7500416144215906,0.33956448402274625,0.4305551080446788,0.2550532904337484,0.2870461045453145,0.5636397234850299,0.40091855494566275,0.1361569132156864,0.7918720033695745,0.9500646964051623,0.822792184282357,0.6980724271987457,0.15953066379993633,0.4774916321012602,-0.5602502143106654,0.15342847472919482,0.12652090971921823,0.24364910211653812,-0.5113687384366465,0.18372381599966067,0.38179409307073175,0.3914157108797733,0.34402155530038825,-0.0011000547332642996,0.5722397528862477,0.5056630293984707,0.27656698987267603,0.8384780612360495,0.1827624712441311,0.5041904496536732,0.7823934379346991,0.6411538450458261,0.06881688028377181,0.405986080802088,0.3620755277376025,0.7620542661687122,0.10291966316745496,0.448994027747039,0.4715289199378381,0.20634178333840167,0.23144231600260934,0.31940707491721687,0.283187224035634,1.0,0.4522540620690503,0.6565438862118217,0.2619852359750054,-0.22931723718243224,-0.12998625067116026,0.5384832944526677,-0.2329800244864697,0.2979880246993113,0.4208554697658432,0.7306986066634195,0.3079924050132193,-0.11467941830862871,0.34428374735088296,0.4186707967349651,0.12032977047168958,0.5350948399367652,-0.12289600733899603,0.0777313133126653,0.7032092126589591,0.6932854029377271,0.17044838239579443,0.2651354283191051,0.5307740370114604,0.30969857024028635,0.483747008259125,0.4560709233887309,0.24032414700785665,-0.10271358207175385,0.07708449278547885,0.30068098784837327,0.18997109189799619,0.32201903292330497,0.5859769386766692,0.45033618017029664,0.1561381212444389,0.16872530814141862,0.3189484709879713,0.07067919084138813,-0.2556738571571445,0.46641831732197325,-0.10091394633986078,-0.08730375076480873,0.8758088272020458,0.1587877740781576,0.49208870426933893,0.36195942915318924,0.8947560461336287,0.1708727300662809,0.8066724387065289,-0.15729845540102572,-0.3014480376695122,0.6040476704954636,0.5935958633867515,0.7563758084903587,0.4051913494823661,0.45004562907692713,-0.4079268613008784,0.39093982215832324,1.0,0.19592513805880388,0.7779114867168057,0.5818345560664253,0.8752789210369623,0.4871911652402269,0.02854320571214025,1.0,0.500395181976161,0.25053703175066466,-0.22911126227548884,0.2817162214411535,0.688374676520221,0.008901153567978048,-0.025963232923862878,0.3002237011127594,0.5305021486331769,0.11186244186031213,0.37585639863844716,0.6439243277898513
1.0,1.0,1.0,0.832298802906132,1.0,1.0,0.7391472926158238,0.9971941007051606,0.6899993506607308,1.0,1.0,0.7036046050983347,1.0,1.0,1.0,1.0,1.0,1.0,1.0,1.0,0.8144968578637766,0.9337251565824337,1.0,1.0,1.0,0.7303900736207071,1.0,1.0,1.0,1.0,0.9035108327476411,1.0,1.0,0.7471437782597674,0.994565069467491,1.0,0.9373982855910572,1.0,0.8129722101651584,0.7571741198322326,1.0,1.0,1.0,1.0,0.9043369892889247,1.0,0.8347863285291788,1.0,0.9787069074703412,1.0,0.6760850624971397,1.0,0.9028807936699961,0.8677991731026843,0.913564227325797,1.0,0.5444731327233643,1.0,1.0,0.9508345168421114,1.0,1.0,1.0,1.0,1.0,1.0,1.0,0.8692613635313977,0.742973264589045,0.7040383628876989,1.0,1.0,0.8784209457910614,1.0,1.0,1.0,1.0,1.0,1.0,0.8992663916107415,1.0,1.0,0.784500245258148,1.0,1.0,0.9462503351213545,1.0,1.0,0.7373583995872055,1.0,0.7642434277541184,1.0,0.8603365854149871,1.0,1.0,0.6376847063024113,1.0,0.6832764424935471,0.8609434213312994,0.9610654561293777,1.0,1.0,1.0,1.0,0.8061358666827959,1.0,0.9716538862674599,1.0,0.5193388705694901,0.8678885878332352,0.9501775323376902,0.7916454387010619,1.0,1.0,1.0,0.5798211923538263,0.9298067411922846,1.0,1.0,0.8517649244958965,1.0,0.9045923068993995,1.0,0.40232175268726655,1.0,0.905752318877062,0.5488571603861139,1.0,1.0,0.9681262887688703,1.0,1.0,1.0,1.0,0.9055638661253138,1.0,1.0,1.0,1.0,1.0,1.0,0.9965050404165374,0.6210754908458624,1.0,1.0,1.0,1.0,0.6538197456753463,1.0,1.0
1.0,1.0,1.0,1.0,1.0,1.0,1.0,1.0,1.0,1.0,1.0,1.0,1.0,1.0,1.0,1.0,1.0,1.0,1.0,1.0,1.0,1.0,1.0,1.0,1.0,1.0,1.0,1.0,1.0,1.0,1.0,1.0,1.0,1.0,1.0,1.0,1.0,1.0,1.0,1.0,1.0,1.0,1.0,1.0,1.0,1.0,1.0,1.0,1.0,1.0,1.0,1.0,1.0,1.0,1.0,1.0,1.0,1.0,1.0,1.0,1.0,1.0,1.0,1.0,1.0,1.0,1.0,1.0,1.0,1.0,1.0,1.0,1.0,1.0,1.0,1.0,1.0,1.0,1.0,1.0,1.0,1.0,1.0,1.0,1.0,1.0,1.0,1.0,1.0,1.0,1.0,1.0,1.0,1.0,1.0,1.0,1.0,1.0,1.0,1.0,1.0,1.0,1.0,1.0,1.0,1.0,1.0,1.0,1.0,1.0,1.0,1.0,1.0,1.0,1.0,1.0,1.0,1.0,1.0,1.0,1.0,1.0,1.0,1.0,1.0,1.0,1.0,1.0,1.0,1.0,1.0,1.0,1.0,0.7633964782852721,1.0,1.0,1.0,1.0,1.0,1.0,1.0,1.0,1.0,1.0,1.0,1.0,1.0,1.0,1.0,1.0
1.0,0.8299311013049766,0.9709761234445041,1.0,1.0,1.0,1.0,0.7085083766651505,0.5268125933095809,0.8114546166034501,0.9846283404307777,1.0,1.0,1.0,0.8822427838685989,0.6178422132654132,1.0,0.6448777723812128,0.8328817730405883,0.6848091352314954,0.9923502493683054,0.21450945009814726,0.8329787660063397,1.0,0.49777135882387724,1.0,0.6203454921460251,0.6503234274695657,1.0,0.9604863483962081,0.6628323791330597,0.9353762632669436,1.0,1.0,0.48765745761587137,0.3018117997479629,0.8754032802121356,0.682398412798952,1.0,0.5359198481740144,1.0,1.0,0.8205731672107135,-0.03870908979031462,0.7110405407261252,1.0,1.0,1.0,1.0,1.0,0.898501375125573,0.8885061311727241,1.0,0.575486394329036,1.0,1.0,1.0,1.0,0.9798084171964327,1.0,0.301770750693219,0.8355483658904304,0.6492190687826119,1.0,0.6519022928429206,0.7080306199094816,0.8555972240464476,0.9315160464361499,0.6988313876425442,0.8278103518528482,1.0,0.6572514496217914,0.9676293537369047,0.9222871010488612,1.0,1.0,0.6040138482386732,0.7045510543066655,0.7171048712871584,0.5828351545624804,1.0,0.8595151587434516,1.0,1.0,1.0,0.9200485002463453,1.0,0.4695772995777243,0.953080656830005,1.0,1.0,0.7700829578947366,0.501518482390078,1.0,0.5666160358291616,1.0,0.8397311696068763,0.43532327269429344,0.7280497104373232,0.7840892738064185,0.32870642547016726,0.6443782949976968,0.7373344156628222,1.0,1.0,1.0,0.8310120842460859,0.512823931984365,0.9679360427819084,0.9420933874284217,1.0,1.0,0.6180995357791015,0.8878742952025604,1.0,0.7654564301920901,0.7912216954691652,1.0,1.0,0.9773536011199608,1.0,1.0,1.0,0.5230529336797232,0.5584148316502129,0.4902886702453452,1.0,0.16463795131338776,0.8127819878644668,1.0,1.0,0.5120307342204508,1.0,1.0,0.9251797813538836,0.8157383365304736,0.5870035469862886,0.37870240704567115,0.48808383419658696,1.0,0.5983772460176302,1.0,1.0,1.0,1.0,0.41324104150179597,0.768196235724004,1.0,0.7868620805805364,1.0
-1.0,-1.0,-1.0,-1.0,-1.0,-1.0,-1.0,-1.0,-1.0,-1.0,-1.0,-1.0,-1.0,-1.0,-1.0,-1.0,-1.0,-1.0,-1.0,-1.0,-1.0,-1.0,-1.0,-1.0,-1.0,-1.0,-1.0,-1.0,-1.0,-1.0,-1.0,-1.0,-1.0,-1.0,-1.0,-1.0,-1.0,-1.0,-1.0,-1.0,-1.0,-1.0,-1.0,-1.0,-1.0,-1.0,-1.0,-1.0,-1.0,-1.0,-1.0,-1.0,-1.0,-1.0,-1.0,-1.0,-1.0,-1.0,-1.0,-1.0,-1.0,-1.0,-1.0,-1.0,-1.0,-1.0,-1.0,-1.0,-1.0,-1.0,-1.0,-1.0,-1.0,-1.0,-1.0,-1.0,-1.0,-1.0,-1.0,-1.0,-1.0,-1.0,-1.0,-1.0,-1.0,-1.0,-1.0,-1.0,-1.0,-1.0,-1.0,-1.0,-1.0,-1.0,-1.0,-1.0,-1.0,-1.0,-1.0,-1.0,-1.0,-1.0,-1.0,-1.0,-1.0,-1.0,-1.0,-1.0,-1.0,-1.0,-1.0,-1.0,-1.0,-1.0,-1.0,-1.0,-1.0,-1.0,-1.0,-1.0,-1.0,-1.0,-1.0,-1.0,-1.0,-1.0,-1.0,-1.0,-1.0,-1.0,-1.0,-1.0,-1.0,-1.0,-1.0,-1.0,-1.0,-1.0,-1.0,-1.0,-1.0,-1.0,-1.0,-1.0,-1.0,-1.0,-1.0,-1.0,-1.0,-1.0
1.0,1.0,1.0,1.0,1.0,1.0,0.9122466463695605,1.0,1.0,1.0,0.7334591603760624,0.5963879880857172,1.0,1.0,0.8685627763012126,0.9780935576493661,1.0,1.0,0.6982947881530759,0.7906370781550616,1.0,1.0,1.0,1.0,1.0,1.0,0.5150794277469452,0.6895133128080204,1.0,0.7345041614321448,1.0,0.32260384561054745,0.6705302097444622,1.0,1.0,0.5338521880023842,1.0,0.9584763776596441,0.6978287724028694,1.0,1.0,1.0,1.0,0.6714672636698864,1.0,1.0,0.8768451947636238,1.0,1.0,1.0,1.0,0.8817088857673888,1.0,1.0,1.0,1.0,0.8805973883058973,0.757823903660577,1.0,0.9775131566881843,0.7695096289922624,0.4925821624298329,1.0,1.0,0.7125618158394121,1.0,1.0,0.7295377343102418,1.0,1.0,1.0,0.7179481863589738,0.7515445333120782,0.9213137585712259,1.0,0.6032266487785856,0.9445486961934121,0.8624353104562951,0.9413414027524702,1.0,1.0,0.8911238017451192,1.0,0.5559931495205623,0.714408989824941,1.0,0.6223881371643449,0.6018349325099475,1.0,0.9066084534889951,1.0,1.0,1.0,1.0,1.0,1.0,0.6686185985828277,1.0,1.0,1.0,1.0,0.8163314991166445,0.9376377475510924,0.891157490363029,0.9285808251626758,0.8482698828351084,1.0,0.691311348817984,0.9207671048875858,1.0,1.0,0.6703399771625728,1.0,1.0,1.0,0.7976448025081606,1.0,1.0,0.998398053369954,1.0,0.7205444359635844,1.0,1.0,1.0,1.0,0.6392768276790932,1.0,0.03637613988075472,1.0,1.0,1.0,0.762056932883389,1.0,0.782929095238265,0.9287276660592674,1.0,0.6806173316260478,0.9227208220509471,0.5167141386195311,1.0,1.0,0.9062694074903079,1.0,0.6581953822773106,0.9141195576625806,1.0,0.8353068866876139,1.0,0.8070569992157235,0.972277992501842
1.0,1.0,1.0,1.0,1.0,1.0,1.0,0.9740499353499529,1.0,1.0,1.0,1.0,1.0,1.0,1.0,1.0,1.0,1.0,1.0,1.0,0.8502485924707467,1.0,1.0,1.0,1.0,1.0,1.0,1.0,0.7818358694831683,1.0,1.0,1.0,1.0,1.0,1.0,1.0,0.9221370551844403,1.0,1.0,1.0,1.0,1.0,0.9270458358776479,1.0,0.9488906833626554,1.0,1.0,1.0,1.0,1.0,1.0,1.0,1.0,1.0,1.0,1.0,1.0,1.0,1.0,1.0,1.0,0.9904043516780479,1.0,1.0,1.0,1.0,1.0,1.0,1.0,1.0,1.0,1.0,1.0,1.0,1.0,1.0,1.0,1.0,1.0,1.0,1.0,0.7533759354643027,1.0,1.0,1.0,1.0,0.8844537562489019,1.0,1.0,1.0,1.0,0.8753645232789,1.0,1.0,1.0,1.0,1.0,1.0,1.0,1.0,1.0,1.0,1.0,1.0,0.9234035307202317,1.0,1.0,1.0,1.0,1.0,1.0,1.0,1.0,1.0,1.0,1.0,1.0,1.0,1.0,1.0,1.0,1.0,1.0,1.0,1.0,1.0,1.0,1.0,1.0,1.0,1.0,1.0,1.0,1.0,1.0,1.0,1.0,0.7456264120769585,1.0,0.8577470003500092,1.0,0.8449854891128487,1.0,1.0,0.862439909643982,1.0,1.0,1.0,0.5598363800261014,0.969821140278031
